Дата,Ключевая_ставка,Спрос,Размещение,Ставка_отсечения,Средневзвешенная_ставка,Срок,Cover_ratio,Rate_spread,Flag_Demand
2026-05-08,1450,,,,,,,,0
2026-05-07,1450,,,,,,,,0
2026-05-06,1450,,,,,,,,0
2026-05-05,1450,5427593.6,4130000.0,14.5014,14.5141,7.0,1.3141873123486683,-1435.4859,0
2026-05-04,1450,,,,,,,,0
2026-04-30,1450,,,,,,,,0
2026-04-29,1450,,,,,,,,0
2026-04-28,1450,6937777.9,4590000.0,14.5014,14.5494,7.0,1.5114984531590414,-1435.4506,0
2026-04-27,1450,,,,,,,,0
2026-04-24,1500,,,,,,,,0
2026-04-23,1500,,,,,,,,0
2026-04-22,1500,,,,,,,,0
2026-04-21,1500,5175118.1,4480000.0,15.0,15.0114,7.0,1.1551602901785714,-1484.9886,0
2026-04-20,1500,,,,,,,,0
2026-04-17,1500,,,,,,,,0
2026-04-16,1500,,,,,,,,0
2026-04-15,1500,,,,,,,,0
2026-04-14,1500,5225511.4,4330000.0,15.0,15.013,7.0,1.2068155658198616,-1484.987,0
2026-04-13,1500,,,,,,,,0
2026-04-10,1500,,,,,,,,0
2026-04-09,1500,,,,,,,,0
2026-04-08,1500,,,,,,,,0
2026-04-07,1500,6198663.5,4610000.0,15.0015,15.0151,7.0,1.3446124728850326,-1484.9849,0
2026-04-06,1500,,,,,,,,0
2026-04-03,1500,,,,,,,,0
2026-04-02,1500,,,,,,,,0
2026-04-01,1500,,,,,,,,0
2026-03-31,1500,5896230.3,4220000.0,15.0015,15.0319,7.0,1.397210971563981,-1484.9681,0
2026-03-30,1500,,,,,,,,0
2026-03-27,1500,,,,,,,,0
2026-03-26,1500,,,,,,,,0
2026-03-25,1500,,,,,,,,0
2026-03-24,1500,6461382.9,4090000.0,15.0015,15.0471,7.0,1.5798002200488999,-1484.9529,0
2026-03-23,1500,,,,,,,,0
2026-03-20,1550,,,,,,,,0
2026-03-19,1550,,,,,,,,0
2026-03-18,1550,,,,,,,,0
2026-03-17,1550,4753070.7,4180000.0,15.5,15.5082,7.0,1.1370982535885168,-1534.4918,0
2026-03-16,1550,,,,,,,,0
2026-03-13,1550,,,,,,,,0
2026-03-12,1550,,,,,,,,0
2026-03-11,1550,,,,,,,,0
2026-03-10,1550,5019856.8,3660000.0,15.5,15.5144,7.0,1.3715455737704918,-1534.4856,0
2026-03-09,1550,,,,,,,,0
2026-03-06,1550,,,,,,,,0
2026-03-05,1550,,,,,,,,0
2026-03-04,1550,,,,,,,,0
2026-03-03,1550,4181973.3,2990000.0,15.5015,15.5207,7.0,1.398653277591973,-1534.4793,0
2026-03-02,1550,,,,,,,,0
2026-02-27,1550,,,,,,,,0
2026-02-26,1550,,,,,,,,0
2026-02-25,1550,,,,,,,,0
2026-02-24,1550,4518629.1,3190000.0,15.5015,15.5279,7.0,1.4164981504702192,-1534.4721,0
2026-02-20,1550,,,,,,,,0
2026-02-19,1550,,,,,,,,0
2026-02-18,1550,,,,,,,,0
2026-02-17,1550,3862378.7,3160000.0,15.5015,15.5196,7.0,1.2222717405063293,-1534.4804,0
2026-02-16,1550,,,,,,,,0
2026-02-13,1600,,,,,,,,0
2026-02-12,1600,,,,,,,,0
2026-02-11,1600,,,,,,,,0
2026-02-10,1600,3740225.2,3230000.0,16.0,16.0234,7.0,1.1579644582043345,-1583.9766,0
2026-02-09,1600,,,,,,,,0
2026-02-06,1600,,,,,,,,0
2026-02-05,1600,,,,,,,,0
2026-02-04,1600,,,,,,,,0
2026-02-03,1600,3414035.5,2760000.0,16.0016,16.0303,7.0,1.236969384057971,-1583.9697,0
2026-02-02,1600,,,,,,,,0
2026-01-30,1600,,,,,,,,0
2026-01-29,1600,,,,,,,,0
2026-01-28,1600,,,,,,,,0
2026-01-27,1600,4699245.1,3380000.0,16.1116,16.1121,7.0,1.390309201183432,-1583.8879,0
2026-01-26,1600,,,,,,,,0
2026-01-23,1600,,,,,,,,0
2026-01-22,1600,,,,,,,,0
2026-01-21,1600,,,,,,,,0
2026-01-20,1600,4855523.6,3230000.0,16.0016,16.0267,7.0,1.503258080495356,-1583.9733,0
2026-01-19,1600,,,,,,,,0
2026-01-16,1600,,,,,,,,0
2026-01-15,1600,,,,,,,,0
2026-01-14,1600,,,,,,,,0
2026-01-13,1600,4959156.8,3310000.0,16.0016,16.0575,7.0,1.4982346827794562,-1583.9425,0
2026-01-12,1600,,,,,,,,0
2026-01-09,1600,,,,,,,,0
2026-01-08,1600,,,,,,,,0
2026-01-06,1600,,,,,,,,0
2026-01-05,1600,,,,,,,,0
2025-12-30,1600,,,,,,,,0
2025-12-29,1600,,,,,,,,0
2025-12-26,1600,,,,,,,,0
2025-12-25,1600,,,,,,,,0
2025-12-24,1600,,,,,,,,0
2025-12-23,1600,,,,,,,,0
2025-12-22,1600,,,,,,,,0
2025-12-19,1650,,,,,,,,0
2025-12-18,1650,,,,,,,,0
2025-12-17,1650,,,,,,,,0
2025-12-16,1650,4337875.6,3420000.0,16.5,16.5023,7.0,1.268384678362573,-1633.4977,0
2025-12-15,1650,,,,,,,,0
2025-12-12,1650,,,,,,,,0
2025-12-11,1650,,,,,,,,0
2025-12-10,1650,,,,,,,,0
2025-12-09,1650,4792798.4,3180000.0,16.5,16.5083,7.0,1.5071693081761008,-1633.4917,0
2025-12-08,1650,,,,,,,,0
2025-12-05,1650,,,,,,,,0
2025-12-04,1650,,,,,,,,0
2025-12-03,1650,,,,,,,,0
2025-12-02,1650,4938932.1,3270000.0,16.5005,16.5124,7.0,1.5103767889908255,-1633.4876,0
2025-12-01,1650,,,,,,,,0
2025-11-28,1650,,,,,,,,0
2025-11-27,1650,,,,,,,,0
2025-11-26,1650,,,,,,,,0
2025-11-25,1650,4511705.7,2850000.0,16.5016,16.5174,7.0,1.5830546315789473,-1633.4826,0
2025-11-24,1650,,,,,,,,0
2025-11-21,1650,,,,,,,,0
2025-11-20,1650,,,,,,,,0
2025-11-19,1650,,,,,,,,0
2025-11-18,1650,4560823.8,2830000.0,16.5016,16.5181,7.0,1.61159851590106,-1633.4819,0
2025-11-17,1650,,,,,,,,0
2025-11-14,1650,,,,,,,,0
2025-11-13,1650,,,,,,,,0
2025-11-12,1650,,,,,,,,0
2025-11-11,1650,3526649.2,2310000.0,16.5016,16.5199,7.0,1.5266879653679655,-1633.4801,0
2025-11-10,1650,,,,,,,,0
2025-11-07,1650,,,,,,,,0
2025-11-06,1650,,,,,,,,0
2025-11-05,1650,,,,,,,,0
2025-11-03,1650,,,,,,,,0
2025-11-01,1650,,,,,,,,0
2025-10-31,1650,,,,,,,,0
2025-10-30,1650,,,,,,,,0
2025-10-29,1650,,,,,,,,0
2025-10-28,1650,2772899.0,1680000.0,16.5016,16.6101,7.0,1.650535119047619,-1633.3899,0
2025-10-27,1650,,,,,,,,0
2025-10-24,1700,,,,,,,,0
2025-10-23,1700,,,,,,,,0
2025-10-22,1700,,,,,,,,0
2025-10-21,1700,726511.6,590000.0,17.0017,17.0563,7.0,1.231375593220339,-1682.9437,0
2025-10-20,1700,,,,,,,,0
2025-10-17,1700,,,,,,,,0
2025-10-16,1700,,,,,,,,0
2025-10-15,1700,,,,,,,,0
2025-10-14,1700,1318691.2,990000.0,17.08,17.1268,7.0,1.3320113131313132,-1682.8732,0
2025-10-13,1700,,,,,,,,0
2025-10-10,1700,,,,,,,,0
2025-10-09,1700,,,,,,,,0
2025-10-08,1700,,,,,,,,0
2025-10-07,1700,2542326.6,1460000.0,17.0701,17.1158,7.0,1.741319589041096,-1682.8842,0
2025-10-06,1700,,,,,,,,0
2025-10-03,1700,,,,,,,,0
2025-10-02,1700,,,,,,,,0
2025-10-01,1700,,,,,,,,0
2025-09-30,1700,2270130.7,1490000.0,17.0517,17.1258,7.0,1.5235776510067116,-1682.8742,0
2025-09-29,1700,,,,,,,,0
2025-09-26,1700,,,,,,,,0
2025-09-25,1700,,,,,,,,0
2025-09-24,1700,,,,,,,,0
2025-09-23,1700,1712668.7,1300000.0,17.0517,17.1132,7.0,1.3174374615384614,-1682.8868,0
2025-09-22,1700,,,,,,,,0
2025-09-19,1700,,,,,,,,0
2025-09-18,1700,,,,,,,,0
2025-09-17,1700,,,,,,,,0
2025-09-16,1700,1874301.5,1330000.0,17.0517,17.1198,7.0,1.4092492481203007,-1682.8802,0
2025-09-15,1700,,,,,,,,0
2025-09-12,1800,,,,,,,,0
2025-09-11,1800,,,,,,,,0
2025-09-10,1800,,,,,,,,0
2025-09-09,1800,747044.5,747044.5,18.0,18.0318,7.0,1.0,-1781.9682,0
2025-09-08,1800,,,,,,,,0
2025-09-05,1800,,,,,,,,0
2025-09-04,1800,,,,,,,,0
2025-09-03,1800,,,,,,,,0
2025-09-02,1800,728401.9,560000.0,18.1121,18.1566,7.0,1.3007176785714285,-1781.8434,0
2025-09-01,1800,,,,,,,,0
2025-08-29,1800,,,,,,,,0
2025-08-28,1800,,,,,,,,0
2025-08-27,1800,,,,,,,,0
2025-08-26,1800,786520.8,450000.0,18.1331,18.1799,7.0,1.747824,-1781.8201,0
2025-08-25,1800,,,,,,,,0
2025-08-22,1800,,,,,,,,0
2025-08-21,1800,,,,,,,,0
2025-08-20,1800,,,,,,,,0
2025-08-19,1800,644023.2,310000.0,18.1117,18.2385,7.0,2.077494193548387,-1781.7615,1
2025-08-18,1800,,,,,,,,0
2025-08-15,1800,,,,,,,,0
2025-08-14,1800,,,,,,,,0
2025-08-13,1800,,,,,,,,0
2025-08-12,1800,1301498.7,500000.0,18.3407,18.4893,7.0,2.6029974,-1781.5107,1
2025-08-11,1800,,,,,,,,0
2025-08-08,1800,,,,,,,,0
2025-08-07,1800,,,,,,,,0
2025-08-06,1800,,,,,,,,0
2025-08-05,1800,2545131.5,1600000.0,18.0317,18.3029,7.0,1.5907071875,-1781.6971,0
2025-08-04,1800,,,,,,,,0
2025-08-01,1800,,,,,,,,0
2025-07-31,1800,,,,,,,,0
2025-07-30,1800,,,,,,,,0
2025-07-29,1800,3977171.4,2160000.0,18.5532,18.6072,7.0,1.8412830555555555,-1781.3928,0
2025-07-28,1800,,,,,,,,0
2025-07-25,2000,,,,,,,,0
2025-07-24,2000,,,,,,,,0
2025-07-23,2000,,,,,,,,0
2025-07-22,2000,685544.8,685544.8,20.0,20.002,7.0,1.0,-1979.998,0
2025-07-21,2000,,,,,,,,0
2025-07-18,2000,,,,,,,,0
2025-07-17,2000,,,,,,,,0
2025-07-16,2000,,,,,,,,0
2025-07-15,2000,706379.9,706379.9,20.0017,20.0193,7.0,1.0,-1979.9807,0
2025-07-14,2000,,,,,,,,0
2025-07-11,2000,,,,,,,,0
2025-07-10,2000,,,,,,,,0
2025-07-09,2000,,,,,,,,0
2025-07-08,2000,1222186.8,1010000.0,20.2332,20.2391,7.0,1.2100859405940594,-1979.7609,0
2025-07-07,2000,,,,,,,,0
2025-07-04,2000,,,,,,,,0
2025-07-03,2000,,,,,,,,0
2025-07-02,2000,,,,,,,,0
2025-07-01,2000,2251474.9,1020000.0,20.2223,20.2415,7.0,2.2073283333333333,-1979.7585,1
2025-06-30,2000,,,,,,,,0
2025-06-27,2000,,,,,,,,0
2025-06-26,2000,,,,,,,,0
2025-06-25,2000,,,,,,,,0
2025-06-24,2000,2427348.2,1090000.0,20.2122,20.2312,7.0,2.2269249541284406,-1979.7688,1
2025-06-23,2000,,,,,,,,0
2025-06-20,2000,,,,,,,,0
2025-06-19,2000,,,,,,,,0
2025-06-18,2000,,,,,,,,0
2025-06-17,2000,2317163.7,1020000.0,20.2049,20.2298,7.0,2.271729117647059,-1979.7702,1
2025-06-16,2000,,,,,,,,0
2025-06-13,2000,,,,,,,,0
2025-06-11,2000,,,,,,,,0
2025-06-10,2000,2124934.0,920000.0,20.1601,20.2095,7.0,2.3097108695652175,-1979.7905,1
2025-06-09,2000,,,,,,,,0
2025-06-06,2100,,,,,,,,0
2025-06-05,2100,,,,,,,,0
2025-06-04,2100,,,,,,,,0
2025-06-03,2100,1441900.7,620000.0,21.1526,21.2077,7.0,2.3256462903225805,-2078.7923,1
2025-06-02,2100,,,,,,,,0
2025-05-30,2100,,,,,,,,0
2025-05-29,2100,,,,,,,,0
2025-05-28,2100,,,,,,,,0
2025-05-27,2100,614194.6,200000.0,21.2632,21.2831,7.0,3.070973,-2078.7169,1
2025-05-26,2100,,,,,,,,0
2025-05-23,2100,,,,,,,,0
2025-05-22,2100,,,,,,,,0
2025-05-21,2100,,,,,,,,0
2025-05-20,2100,2154889.6,866203.2,21.2127,21.2553,7.0,2.487741444501706,-2078.7447,1
2025-05-19,2100,,,,,,,,0
2025-05-16,2100,,,,,,,,0
2025-05-15,2100,,,,,,,,0
2025-05-14,2100,,,,,,,,0
2025-05-13,2100,2168262.5,1040000.0,21.0923,21.1499,7.0,2.0848677884615383,-2078.8501,1
2025-05-12,2100,,,,,,,,0
2025-05-08,2100,,,,,,,,0
2025-05-07,2100,,,,,,,,0
2025-05-06,2100,1998267.6,880000.0,21.0901,21.1519,7.0,2.2707586363636363,-2078.8481,1
2025-05-05,2100,,,,,,,,0
2025-05-02,2100,,,,,,,,0
2025-04-30,2100,,,,,,,,0
2025-04-29,2100,530100.8,200000.0,21.16,21.3071,7.0,2.650504,-2078.6929,1
2025-04-28,2100,,,,,,,,0
2025-04-25,2100,,,,,,,,0
2025-04-24,2100,,,,,,,,0
2025-04-23,2100,,,,,,,,0
2025-04-22,2100,2290037.8,900000.0,21.2285,21.2682,7.0,2.5444864444444444,-2078.7318,1
2025-04-21,2100,,,,,,,,0
2025-04-18,2100,,,,,,,,0
2025-04-17,2100,,,,,,,,0
2025-04-16,2100,,,,,,,,0
2025-04-15,2100,4133040.8,1770000.0,21.1167,21.243,7.0,2.3350512994350283,-2078.757,1
2025-04-14,2100,,,,,,,,0
2025-04-11,2100,,,,,,,,0
2025-04-10,2100,,,,,,,,0
2025-04-09,2100,,,,,,,,0
2025-04-08,2100,,,,,,,,0
2025-04-07,2100,,,,,,,,0
2025-04-04,2100,,,,,,,,0
2025-04-03,2100,,,,,,,,0
2025-04-02,2100,,,,,,,,0
2025-04-01,2100,,,,,,,,0
2025-03-31,2100,,,,,,,,0
2025-03-28,2100,,,,,,,,0
2025-03-27,2100,,,,,,,,0
2025-03-26,2100,,,,,,,,0
2025-03-25,2100,,,,,,,,0
2025-03-24,2100,,,,,,,,0
2025-03-21,2100,,,,,,,,0
2025-03-20,2100,,,,,,,,0
2025-03-19,2100,,,,,,,,0
2025-03-18,2100,,,,,,,,0
2025-03-17,2100,,,,,,,,0
2025-03-14,2100,,,,,,,,0
2025-03-13,2100,,,,,,,,0
2025-03-12,2100,,,,,,,,0
2025-03-11,2100,,,,,,,,0
2025-03-10,2100,,,,,,,,0
2025-03-07,2100,,,,,,,,0
2025-03-06,2100,,,,,,,,0
2025-03-05,2100,,,,,,,,0
2025-03-04,2100,,,,,,,,0
2025-03-03,2100,,,,,,,,0
2025-02-28,2100,,,,,,,,0
2025-02-27,2100,,,,,,,,0
2025-02-26,2100,,,,,,,,0
2025-02-25,2100,,,,,,,,0
2025-02-24,2100,,,,,,,,0
2025-02-21,2100,,,,,,,,0
2025-02-20,2100,,,,,,,,0
2025-02-19,2100,,,,,,,,0
2025-02-18,2100,,,,,,,,0
2025-02-17,2100,,,,,,,,0
2025-02-14,2100,,,,,,,,0
2025-02-13,2100,,,,,,,,0
2025-02-12,2100,,,,,,,,0
2025-02-11,2100,,,,,,,,0
2025-02-10,2100,,,,,,,,0
2025-02-07,2100,,,,,,,,0
2025-02-06,2100,,,,,,,,0
2025-02-05,2100,,,,,,,,0
2025-02-04,2100,,,,,,,,0
2025-02-03,2100,,,,,,,,0
2025-01-31,2100,,,,,,,,0
2025-01-30,2100,,,,,,,,0
2025-01-29,2100,,,,,,,,0
2025-01-28,2100,,,,,,,,0
2025-01-27,2100,,,,,,,,0
2025-01-24,2100,,,,,,,,0
2025-01-23,2100,,,,,,,,0
2025-01-22,2100,,,,,,,,0
2025-01-21,2100,,,,,,,,0
2025-01-20,2100,,,,,,,,0
2025-01-17,2100,,,,,,,,0
2025-01-16,2100,,,,,,,,0
2025-01-15,2100,,,,,,,,0
2025-01-14,2100,,,,,,,,0
2025-01-13,2100,,,,,,,,0
2025-01-10,2100,,,,,,,,0
2025-01-09,2100,,,,,,,,0
2025-01-08,2100,,,,,,,,0
2025-01-06,2100,,,,,,,,0
2025-01-03,2100,,,,,,,,0
2024-12-30,2100,,,,,,,,0
2024-12-28,2100,,,,,,,,0
2024-12-27,2100,,,,,,,,0
2024-12-26,2100,,,,,,,,0
2024-12-25,2100,,,,,,,,0
2024-12-24,2100,,,,,,,,0
2024-12-23,2100,,,,,,,,0
2024-12-20,2100,,,,,,,,0
2024-12-19,2100,,,,,,,,0
2024-12-18,2100,,,,,,,,0
2024-12-17,2100,,,,,,,,0
2024-12-16,2100,,,,,,,,0
2024-12-13,2100,,,,,,,,0
2024-12-12,2100,,,,,,,,0
2024-12-11,2100,,,,,,,,0
2024-12-10,2100,,,,,,,,0
2024-12-09,2100,,,,,,,,0
2024-12-06,2100,,,,,,,,0
2024-12-05,2100,,,,,,,,0
2024-12-04,2100,,,,,,,,0
2024-12-03,2100,,,,,,,,0
2024-12-02,2100,,,,,,,,0
2024-11-29,2100,,,,,,,,0
2024-11-28,2100,,,,,,,,0
2024-11-27,2100,,,,,,,,0
2024-11-26,2100,,,,,,,,0
2024-11-25,2100,,,,,,,,0
2024-11-22,2100,,,,,,,,0
2024-11-21,2100,,,,,,,,0
2024-11-20,2100,,,,,,,,0
2024-11-19,2100,,,,,,,,0
2024-11-18,2100,,,,,,,,0
2024-11-15,2100,,,,,,,,0
2024-11-14,2100,,,,,,,,0
2024-11-13,2100,,,,,,,,0
2024-11-12,2100,,,,,,,,0
2024-11-11,2100,,,,,,,,0
2024-11-08,2100,,,,,,,,0
2024-11-07,2100,,,,,,,,0
2024-11-06,2100,,,,,,,,0
2024-11-05,2100,,,,,,,,0
2024-11-02,2100,,,,,,,,0
2024-11-01,2100,,,,,,,,0
2024-10-31,2100,,,,,,,,0
2024-10-30,2100,,,,,,,,0
2024-10-29,2100,,,,,,,,0
2024-10-28,2100,,,,,,,,0
2024-10-25,1900,,,,,,,,0
2024-10-24,1900,,,,,,,,0
2024-10-23,1900,,,,,,,,0
2024-10-22,1900,,,,,,,,0
2024-10-21,1900,,,,,,,,0
2024-10-18,1900,,,,,,,,0
2024-10-17,1900,,,,,,,,0
2024-10-16,1900,,,,,,,,0
2024-10-15,1900,,,,,,,,0
2024-10-14,1900,,,,,,,,0
2024-10-11,1900,,,,,,,,0
2024-10-10,1900,,,,,,,,0
2024-10-09,1900,,,,,,,,0
2024-10-08,1900,,,,,,,,0
2024-10-07,1900,,,,,,,,0
2024-10-04,1900,,,,,,,,0
2024-10-03,1900,,,,,,,,0
2024-10-02,1900,,,,,,,,0
2024-10-01,1900,,,,,,,,0
2024-09-30,1900,,,,,,,,0
2024-09-27,1900,,,,,,,,0
2024-09-26,1900,,,,,,,,0
2024-09-25,1900,,,,,,,,0
2024-09-24,1900,,,,,,,,0
2024-09-23,1900,,,,,,,,0
2024-09-20,1900,,,,,,,,0
2024-09-19,1900,,,,,,,,0
2024-09-18,1900,,,,,,,,0
2024-09-17,1900,,,,,,,,0
2024-09-16,1900,,,,,,,,0
2024-09-13,1800,,,,,,,,0
2024-09-12,1800,,,,,,,,0
2024-09-11,1800,,,,,,,,0
2024-09-10,1800,,,,,,,,0
2024-09-09,1800,,,,,,,,0
2024-09-06,1800,,,,,,,,0
2024-09-05,1800,,,,,,,,0
2024-09-04,1800,,,,,,,,0
2024-09-03,1800,,,,,,,,0
2024-09-02,1800,,,,,,,,0
2024-08-30,1800,,,,,,,,0
2024-08-29,1800,,,,,,,,0
2024-08-28,1800,,,,,,,,0
2024-08-27,1800,,,,,,,,0
2024-08-26,1800,,,,,,,,0
2024-08-23,1800,,,,,,,,0
2024-08-22,1800,,,,,,,,0
2024-08-21,1800,,,,,,,,0
2024-08-20,1800,,,,,,,,0
2024-08-19,1800,,,,,,,,0
2024-08-16,1800,,,,,,,,0
2024-08-15,1800,,,,,,,,0
2024-08-14,1800,,,,,,,,0
2024-08-13,1800,,,,,,,,0
2024-08-12,1800,,,,,,,,0
2024-08-09,1800,,,,,,,,0
2024-08-08,1800,,,,,,,,0
2024-08-07,1800,,,,,,,,0
2024-08-06,1800,,,,,,,,0
2024-08-05,1800,,,,,,,,0
2024-08-02,1800,,,,,,,,0
2024-08-01,1800,,,,,,,,0
2024-07-31,1800,,,,,,,,0
2024-07-30,1800,,,,,,,,0
2024-07-29,1800,,,,,,,,0
2024-07-26,1600,,,,,,,,0
2024-07-25,1600,,,,,,,,0
2024-07-24,1600,,,,,,,,0
2024-07-23,1600,,,,,,,,0
2024-07-22,1600,,,,,,,,0
2024-07-19,1600,,,,,,,,0
2024-07-18,1600,,,,,,,,0
2024-07-17,1600,,,,,,,,0
2024-07-16,1600,,,,,,,,0
2024-07-15,1600,,,,,,,,0
2024-07-12,1600,,,,,,,,0
2024-07-11,1600,,,,,,,,0
2024-07-10,1600,,,,,,,,0
2024-07-09,1600,,,,,,,,0
2024-07-08,1600,,,,,,,,0
2024-07-05,1600,,,,,,,,0
2024-07-04,1600,,,,,,,,0
2024-07-03,1600,,,,,,,,0
2024-07-02,1600,,,,,,,,0
2024-07-01,1600,,,,,,,,0
2024-06-28,1600,,,,,,,,0
2024-06-27,1600,,,,,,,,0
2024-06-26,1600,,,,,,,,0
2024-06-25,1600,,,,,,,,0
2024-06-24,1600,,,,,,,,0
2024-06-21,1600,,,,,,,,0
2024-06-20,1600,,,,,,,,0
2024-06-19,1600,,,,,,,,0
2024-06-18,1600,,,,,,,,0
2024-06-17,1600,,,,,,,,0
2024-06-14,1600,,,,,,,,0
2024-06-13,1600,,,,,,,,0
2024-06-11,1600,,,,,,,,0
2024-06-10,1600,,,,,,,,0
2024-06-07,1600,,,,,,,,0
2024-06-06,1600,,,,,,,,0
2024-06-05,1600,,,,,,,,0
2024-06-04,1600,,,,,,,,0
2024-06-03,1600,,,,,,,,0
2024-05-31,1600,,,,,,,,0
2024-05-30,1600,,,,,,,,0
2024-05-29,1600,,,,,,,,0
2024-05-28,1600,,,,,,,,0
2024-05-27,1600,,,,,,,,0
2024-05-24,1600,,,,,,,,0
2024-05-23,1600,,,,,,,,0
2024-05-22,1600,,,,,,,,0
2024-05-21,1600,,,,,,,,0
2024-05-20,1600,,,,,,,,0
2024-05-17,1600,,,,,,,,0
2024-05-16,1600,,,,,,,,0
2024-05-15,1600,,,,,,,,0
2024-05-14,1600,,,,,,,,0
2024-05-13,1600,,,,,,,,0
2024-05-10,1600,,,,,,,,0
2024-05-08,1600,,,,,,,,0
2024-05-07,1600,,,,,,,,0
2024-05-06,1600,,,,,,,,0
2024-05-03,1600,,,,,,,,0
2024-05-02,1600,,,,,,,,0
2024-04-30,1600,,,,,,,,0
2024-04-29,1600,,,,,,,,0
2024-04-27,1600,,,,,,,,0
2024-04-26,1600,,,,,,,,0
2024-04-25,1600,,,,,,,,0
2024-04-24,1600,,,,,,,,0
2024-04-23,1600,,,,,,,,0
2024-04-22,1600,,,,,,,,0
2024-04-19,1600,,,,,,,,0
2024-04-18,1600,,,,,,,,0
2024-04-17,1600,,,,,,,,0
2024-04-16,1600,,,,,,,,0
2024-04-15,1600,,,,,,,,0
2024-04-12,1600,,,,,,,,0
2024-04-11,1600,,,,,,,,0
2024-04-10,1600,,,,,,,,0
2024-04-09,1600,,,,,,,,0
2024-04-08,1600,,,,,,,,0
2024-04-05,1600,,,,,,,,0
2024-04-04,1600,,,,,,,,0
2024-04-03,1600,,,,,,,,0
2024-04-02,1600,,,,,,,,0
2024-04-01,1600,,,,,,,,0
2024-03-29,1600,,,,,,,,0
2024-03-28,1600,,,,,,,,0
2024-03-27,1600,,,,,,,,0
2024-03-26,1600,,,,,,,,0
2024-03-25,1600,,,,,,,,0
2024-03-22,1600,,,,,,,,0
2024-03-21,1600,,,,,,,,0
2024-03-20,1600,,,,,,,,0
2024-03-19,1600,,,,,,,,0
2024-03-18,1600,,,,,,,,0
2024-03-15,1600,,,,,,,,0
2024-03-14,1600,,,,,,,,0
2024-03-13,1600,,,,,,,,0
2024-03-12,1600,,,,,,,,0
2024-03-11,1600,,,,,,,,0
2024-03-07,1600,,,,,,,,0
2024-03-06,1600,,,,,,,,0
2024-03-05,1600,,,,,,,,0
2024-03-04,1600,,,,,,,,0
2024-03-01,1600,,,,,,,,0
2024-02-29,1600,,,,,,,,0
2024-02-28,1600,,,,,,,,0
2024-02-27,1600,,,,,,,,0
2024-02-26,1600,,,,,,,,0
2024-02-22,1600,,,,,,,,0
2024-02-21,1600,,,,,,,,0
2024-02-20,1600,,,,,,,,0
2024-02-19,1600,,,,,,,,0
2024-02-16,1600,,,,,,,,0
2024-02-15,1600,,,,,,,,0
2024-02-14,1600,,,,,,,,0
2024-02-13,1600,,,,,,,,0
2024-02-12,1600,,,,,,,,0
2024-02-09,1600,,,,,,,,0
2024-02-08,1600,,,,,,,,0
2024-02-07,1600,,,,,,,,0
2024-02-06,1600,,,,,,,,0
2024-02-05,1600,,,,,,,,0
2024-02-02,1600,,,,,,,,0
2024-02-01,1600,,,,,,,,0
2024-01-31,1600,,,,,,,,0
2024-01-30,1600,,,,,,,,0
2024-01-29,1600,,,,,,,,0
2024-01-26,1600,,,,,,,,0
2024-01-25,1600,,,,,,,,0
2024-01-24,1600,,,,,,,,0
2024-01-23,1600,,,,,,,,0
2024-01-22,1600,,,,,,,,0
2024-01-19,1600,,,,,,,,0
2024-01-18,1600,,,,,,,,0
2024-01-17,1600,,,,,,,,0
2024-01-16,1600,,,,,,,,0
2024-01-15,1600,,,,,,,,0
2024-01-12,1600,,,,,,,,0
2024-01-11,1600,,,,,,,,0
2024-01-10,1600,,,,,,,,0
2024-01-09,1600,,,,,,,,0
2024-01-08,1600,,,,,,,,0
2024-01-05,1600,,,,,,,,0
2024-01-04,1600,,,,,,,,0
2024-01-03,1600,,,,,,,,0
2023-12-29,1600,,,,,,,,0
2023-12-28,1600,,,,,,,,0
2023-12-27,1600,,,,,,,,0
2023-12-26,1600,,,,,,,,0
2023-12-25,1600,,,,,,,,0
2023-12-22,1600,,,,,,,,0
2023-12-21,1600,,,,,,,,0
2023-12-20,1600,,,,,,,,0
2023-12-19,1600,,,,,,,,0
2023-12-18,1600,,,,,,,,0
2023-12-15,1500,,,,,,,,0
2023-12-14,1500,,,,,,,,0
2023-12-13,1500,,,,,,,,0
2023-12-12,1500,,,,,,,,0
2023-12-11,1500,,,,,,,,0
2023-12-08,1500,,,,,,,,0
2023-12-07,1500,,,,,,,,0
2023-12-06,1500,,,,,,,,0
2023-12-05,1500,,,,,,,,0
2023-12-04,1500,,,,,,,,0
2023-12-01,1500,,,,,,,,0
2023-11-30,1500,,,,,,,,0
2023-11-29,1500,,,,,,,,0
2023-11-28,1500,,,,,,,,0
2023-11-27,1500,,,,,,,,0
2023-11-24,1500,,,,,,,,0
2023-11-23,1500,,,,,,,,0
2023-11-22,1500,,,,,,,,0
2023-11-21,1500,,,,,,,,0
2023-11-20,1500,,,,,,,,0
2023-11-17,1500,,,,,,,,0
2023-11-16,1500,,,,,,,,0
2023-11-15,1500,,,,,,,,0
2023-11-14,1500,,,,,,,,0
2023-11-13,1500,,,,,,,,0
2023-11-10,1500,,,,,,,,0
2023-11-09,1500,,,,,,,,0
2023-11-08,1500,,,,,,,,0
2023-11-07,1500,,,,,,,,0
2023-11-06,1500,,,,,,,,0
2023-11-03,1500,,,,,,,,0
2023-11-02,1500,,,,,,,,0
2023-11-01,1500,,,,,,,,0
2023-10-31,1500,,,,,,,,0
2023-10-30,1500,,,,,,,,0
2023-10-27,1300,,,,,,,,0
2023-10-26,1300,,,,,,,,0
2023-10-25,1300,,,,,,,,0
2023-10-24,1300,,,,,,,,0
2023-10-23,1300,,,,,,,,0
2023-10-20,1300,,,,,,,,0
2023-10-19,1300,,,,,,,,0
2023-10-18,1300,,,,,,,,0
2023-10-17,1300,,,,,,,,0
2023-10-16,1300,,,,,,,,0
2023-10-13,1300,,,,,,,,0
2023-10-12,1300,,,,,,,,0
2023-10-11,1300,,,,,,,,0
2023-10-10,1300,,,,,,,,0
2023-10-09,1300,,,,,,,,0
2023-10-06,1300,,,,,,,,0
2023-10-05,1300,,,,,,,,0
2023-10-04,1300,,,,,,,,0
2023-10-03,1300,,,,,,,,0
2023-10-02,1300,,,,,,,,0
2023-09-29,1300,,,,,,,,0
2023-09-28,1300,,,,,,,,0
2023-09-27,1300,,,,,,,,0
2023-09-26,1300,,,,,,,,0
2023-09-25,1300,,,,,,,,0
2023-09-22,1300,,,,,,,,0
2023-09-21,1300,,,,,,,,0
2023-09-20,1300,,,,,,,,0
2023-09-19,1300,,,,,,,,0
2023-09-18,1300,,,,,,,,0
2023-09-15,1200,,,,,,,,0
2023-09-14,1200,,,,,,,,0
2023-09-13,1200,,,,,,,,0
2023-09-12,1200,,,,,,,,0
2023-09-11,1200,,,,,,,,0
2023-09-08,1200,,,,,,,,0
2023-09-07,1200,,,,,,,,0
2023-09-06,1200,,,,,,,,0
2023-09-05,1200,,,,,,,,0
2023-09-04,1200,,,,,,,,0
2023-09-01,1200,,,,,,,,0
2023-08-31,1200,,,,,,,,0
2023-08-30,1200,,,,,,,,0
2023-08-29,1200,,,,,,,,0
2023-08-28,1200,,,,,,,,0
2023-08-25,1200,,,,,,,,0
2023-08-24,1200,,,,,,,,0
2023-08-23,1200,,,,,,,,0
2023-08-22,1200,,,,,,,,0
2023-08-21,1200,,,,,,,,0
2023-08-18,1200,,,,,,,,0
2023-08-17,1200,,,,,,,,0
2023-08-16,1200,,,,,,,,0
2023-08-15,1200,,,,,,,,0
2023-08-14,850,,,,,,,,0
2023-08-11,850,,,,,,,,0
2023-08-10,850,,,,,,,,0
2023-08-09,850,,,,,,,,0
2023-08-08,850,,,,,,,,0
2023-08-07,850,,,,,,,,0
2023-08-04,850,,,,,,,,0
2023-08-03,850,,,,,,,,0
2023-08-02,850,,,,,,,,0
2023-08-01,850,,,,,,,,0
2023-07-31,850,,,,,,,,0
2023-07-28,850,,,,,,,,0
2023-07-27,850,,,,,,,,0
2023-07-26,850,,,,,,,,0
2023-07-25,850,,,,,,,,0
2023-07-24,850,,,,,,,,0
2023-07-21,750,,,,,,,,0
2023-07-20,750,,,,,,,,0
2023-07-19,750,,,,,,,,0
2023-07-18,750,,,,,,,,0
2023-07-17,750,,,,,,,,0
2023-07-14,750,,,,,,,,0
2023-07-13,750,,,,,,,,0
2023-07-12,750,,,,,,,,0
2023-07-11,750,,,,,,,,0
2023-07-10,750,,,,,,,,0
2023-07-07,750,,,,,,,,0
2023-07-06,750,,,,,,,,0
2023-07-05,750,,,,,,,,0
2023-07-04,750,,,,,,,,0
2023-07-03,750,,,,,,,,0
2023-06-30,750,,,,,,,,0
2023-06-29,750,,,,,,,,0
2023-06-28,750,,,,,,,,0
2023-06-27,750,,,,,,,,0
2023-06-26,750,,,,,,,,0
2023-06-23,750,,,,,,,,0
2023-06-22,750,,,,,,,,0
2023-06-21,750,,,,,,,,0
2023-06-20,750,,,,,,,,0
2023-06-19,750,,,,,,,,0
2023-06-16,750,,,,,,,,0
2023-06-15,750,,,,,,,,0
2023-06-14,750,,,,,,,,0
2023-06-13,750,,,,,,,,0
2023-06-09,750,,,,,,,,0
2023-06-08,750,,,,,,,,0
2023-06-07,750,,,,,,,,0
2023-06-06,750,,,,,,,,0
2023-06-05,750,,,,,,,,0
2023-06-02,750,,,,,,,,0
2023-06-01,750,,,,,,,,0
2023-05-31,750,,,,,,,,0
2023-05-30,750,,,,,,,,0
2023-05-29,750,,,,,,,,0
2023-05-26,750,,,,,,,,0
2023-05-25,750,,,,,,,,0
2023-05-24,750,,,,,,,,0
2023-05-23,750,,,,,,,,0
2023-05-22,750,,,,,,,,0
2023-05-19,750,,,,,,,,0
2023-05-18,750,,,,,,,,0
2023-05-17,750,,,,,,,,0
2023-05-16,750,,,,,,,,0
2023-05-15,750,,,,,,,,0
2023-05-12,750,,,,,,,,0
2023-05-11,750,,,,,,,,0
2023-05-10,750,,,,,,,,0
2023-05-08,750,,,,,,,,0
2023-05-05,750,,,,,,,,0
2023-05-04,750,,,,,,,,0
2023-05-03,750,,,,,,,,0
2023-05-02,750,,,,,,,,0
2023-04-28,750,,,,,,,,0
2023-04-27,750,,,,,,,,0
2023-04-26,750,,,,,,,,0
2023-04-25,750,,,,,,,,0
2023-04-24,750,,,,,,,,0
2023-04-21,750,,,,,,,,0
2023-04-20,750,,,,,,,,0
2023-04-19,750,,,,,,,,0
2023-04-18,750,,,,,,,,0
2023-04-17,750,,,,,,,,0
2023-04-14,750,,,,,,,,0
2023-04-13,750,,,,,,,,0
2023-04-12,750,,,,,,,,0
2023-04-11,750,,,,,,,,0
2023-04-10,750,,,,,,,,0
2023-04-07,750,,,,,,,,0
2023-04-06,750,,,,,,,,0
2023-04-05,750,,,,,,,,0
2023-04-04,750,,,,,,,,0
2023-04-03,750,,,,,,,,0
2023-03-31,750,,,,,,,,0
2023-03-30,750,,,,,,,,0
2023-03-29,750,,,,,,,,0
2023-03-28,750,,,,,,,,0
2023-03-27,750,,,,,,,,0
2023-03-24,750,,,,,,,,0
2023-03-23,750,,,,,,,,0
2023-03-22,750,,,,,,,,0
2023-03-21,750,,,,,,,,0
2023-03-20,750,,,,,,,,0
2023-03-17,750,,,,,,,,0
2023-03-16,750,,,,,,,,0
2023-03-15,750,,,,,,,,0
2023-03-14,750,,,,,,,,0
2023-03-13,750,,,,,,,,0
2023-03-10,750,,,,,,,,0
2023-03-09,750,,,,,,,,0
2023-03-07,750,,,,,,,,0
2023-03-06,750,,,,,,,,0
2023-03-03,750,,,,,,,,0
2023-03-02,750,,,,,,,,0
2023-03-01,750,,,,,,,,0
2023-02-28,750,,,,,,,,0
2023-02-27,750,,,,,,,,0
2023-02-24,750,,,,,,,,0
2023-02-22,750,,,,,,,,0
2023-02-21,750,,,,,,,,0
2023-02-20,750,,,,,,,,0
2023-02-17,750,,,,,,,,0
2023-02-16,750,,,,,,,,0
2023-02-15,750,,,,,,,,0
2023-02-14,750,,,,,,,,0
2023-02-13,750,,,,,,,,0
2023-02-10,750,,,,,,,,0
2023-02-09,750,,,,,,,,0
2023-02-08,750,,,,,,,,0
2023-02-07,750,,,,,,,,0
2023-02-06,750,,,,,,,,0
2023-02-03,750,,,,,,,,0
2023-02-02,750,,,,,,,,0
2023-02-01,750,,,,,,,,0
2023-01-31,750,,,,,,,,0
2023-01-30,750,,,,,,,,0
2023-01-27,750,,,,,,,,0
2023-01-26,750,,,,,,,,0
2023-01-25,750,,,,,,,,0
2023-01-24,750,,,,,,,,0
2023-01-23,750,,,,,,,,0
2023-01-20,750,,,,,,,,0
2023-01-19,750,,,,,,,,0
2023-01-18,750,,,,,,,,0
2023-01-17,750,,,,,,,,0
2023-01-16,750,,,,,,,,0
2023-01-13,750,,,,,,,,0
2023-01-12,750,,,,,,,,0
2023-01-11,750,,,,,,,,0
2023-01-10,750,,,,,,,,0
2023-01-09,750,,,,,,,,0
2023-01-06,750,,,,,,,,0
2023-01-05,750,,,,,,,,0
2023-01-04,750,,,,,,,,0
2023-01-03,750,,,,,,,,0
2022-12-30,750,,,,,,,,0
2022-12-29,750,,,,,,,,0
2022-12-28,750,,,,,,,,0
2022-12-27,750,,,,,,,,0
2022-12-26,750,,,,,,,,0
2022-12-23,750,,,,,,,,0
2022-12-22,750,,,,,,,,0
2022-12-21,750,,,,,,,,0
2022-12-20,750,,,,,,,,0
2022-12-19,750,,,,,,,,0
2022-12-16,750,,,,,,,,0
2022-12-15,750,,,,,,,,0
2022-12-14,750,,,,,,,,0
2022-12-13,750,,,,,,,,0
2022-12-12,750,,,,,,,,0
2022-12-09,750,,,,,,,,0
2022-12-08,750,,,,,,,,0
2022-12-07,750,,,,,,,,0
2022-12-06,750,,,,,,,,0
2022-12-05,750,,,,,,,,0
2022-12-02,750,,,,,,,,0
2022-12-01,750,,,,,,,,0
2022-11-30,750,,,,,,,,0
2022-11-29,750,,,,,,,,0
2022-11-28,750,,,,,,,,0
2022-11-25,750,,,,,,,,0
2022-11-24,750,,,,,,,,0
2022-11-23,750,,,,,,,,0
2022-11-22,750,,,,,,,,0
2022-11-21,750,,,,,,,,0
2022-11-18,750,,,,,,,,0
2022-11-17,750,,,,,,,,0
2022-11-16,750,,,,,,,,0
2022-11-15,750,,,,,,,,0
2022-11-14,750,,,,,,,,0
2022-11-11,750,,,,,,,,0
2022-11-10,750,,,,,,,,0
2022-11-09,750,,,,,,,,0
2022-11-08,750,,,,,,,,0
2022-11-07,750,,,,,,,,0
2022-11-03,750,,,,,,,,0
2022-11-02,750,,,,,,,,0
2022-11-01,750,,,,,,,,0
2022-10-31,750,,,,,,,,0
2022-10-28,750,,,,,,,,0
2022-10-27,750,,,,,,,,0
2022-10-26,750,,,,,,,,0
2022-10-25,750,,,,,,,,0
2022-10-24,750,,,,,,,,0
2022-10-21,750,,,,,,,,0
2022-10-20,750,,,,,,,,0
2022-10-19,750,,,,,,,,0
2022-10-18,750,,,,,,,,0
2022-10-17,750,,,,,,,,0
2022-10-14,750,,,,,,,,0
2022-10-13,750,,,,,,,,0
2022-10-12,750,,,,,,,,0
2022-10-11,750,,,,,,,,0
2022-10-10,750,,,,,,,,0
2022-10-07,750,,,,,,,,0
2022-10-06,750,,,,,,,,0
2022-10-05,750,,,,,,,,0
2022-10-04,750,,,,,,,,0
2022-10-03,750,,,,,,,,0
2022-09-30,750,,,,,,,,0
2022-09-29,750,,,,,,,,0
2022-09-28,750,,,,,,,,0
2022-09-27,750,,,,,,,,0
2022-09-26,750,,,,,,,,0
2022-09-23,750,,,,,,,,0
2022-09-22,750,,,,,,,,0
2022-09-21,750,,,,,,,,0
2022-09-20,750,,,,,,,,0
2022-09-19,750,,,,,,,,0
2022-09-16,800,,,,,,,,0
2022-09-15,800,,,,,,,,0
2022-09-14,800,,,,,,,,0
2022-09-13,800,,,,,,,,0
2022-09-12,800,,,,,,,,0
2022-09-09,800,,,,,,,,0
2022-09-08,800,,,,,,,,0
2022-09-07,800,,,,,,,,0
2022-09-06,800,,,,,,,,0
2022-09-05,800,,,,,,,,0
2022-09-02,800,,,,,,,,0
2022-09-01,800,,,,,,,,0
2022-08-31,800,,,,,,,,0
2022-08-30,800,,,,,,,,0
2022-08-29,800,,,,,,,,0
2022-08-26,800,,,,,,,,0
2022-08-25,800,,,,,,,,0
2022-08-24,800,,,,,,,,0
2022-08-23,800,,,,,,,,0
2022-08-22,800,,,,,,,,0
2022-08-19,800,,,,,,,,0
2022-08-18,800,,,,,,,,0
2022-08-17,800,,,,,,,,0
2022-08-16,800,,,,,,,,0
2022-08-15,800,,,,,,,,0
2022-08-12,800,,,,,,,,0
2022-08-11,800,,,,,,,,0
2022-08-10,800,,,,,,,,0
2022-08-09,800,,,,,,,,0
2022-08-08,800,,,,,,,,0
2022-08-05,800,,,,,,,,0
2022-08-04,800,,,,,,,,0
2022-08-03,800,,,,,,,,0
2022-08-02,800,,,,,,,,0
2022-08-01,800,,,,,,,,0
2022-07-29,800,,,,,,,,0
2022-07-28,800,,,,,,,,0
2022-07-27,800,,,,,,,,0
2022-07-26,800,,,,,,,,0
2022-07-25,800,,,,,,,,0
2022-07-22,950,,,,,,,,0
2022-07-21,950,,,,,,,,0
2022-07-20,950,,,,,,,,0
2022-07-19,950,,,,,,,,0
2022-07-18,950,,,,,,,,0
2022-07-15,950,,,,,,,,0
2022-07-14,950,,,,,,,,0
2022-07-13,950,,,,,,,,0
2022-07-12,950,,,,,,,,0
2022-07-11,950,,,,,,,,0
2022-07-08,950,,,,,,,,0
2022-07-07,950,,,,,,,,0
2022-07-06,950,,,,,,,,0
2022-07-05,950,,,,,,,,0
2022-07-04,950,,,,,,,,0
2022-07-01,950,,,,,,,,0
2022-06-30,950,,,,,,,,0
2022-06-29,950,,,,,,,,0
2022-06-28,950,,,,,,,,0
2022-06-27,950,,,,,,,,0
2022-06-24,950,,,,,,,,0
2022-06-23,950,,,,,,,,0
2022-06-22,950,,,,,,,,0
2022-06-21,950,,,,,,,,0
2022-06-20,950,,,,,,,,0
2022-06-17,950,,,,,,,,0
2022-06-16,950,,,,,,,,0
2022-06-15,950,,,,,,,,0
2022-06-14,950,,,,,,,,0
2022-06-10,1100,,,,,,,,0
2022-06-09,1100,,,,,,,,0
2022-06-08,1100,,,,,,,,0
2022-06-07,1100,,,,,,,,0
2022-06-06,1100,,,,,,,,0
2022-06-03,1100,,,,,,,,0
2022-06-02,1100,,,,,,,,0
2022-06-01,1100,,,,,,,,0
2022-05-31,1100,,,,,,,,0
2022-05-30,1100,,,,,,,,0
2022-05-27,1100,,,,,,,,0
2022-05-26,1400,,,,,,,,0
2022-05-25,1400,,,,,,,,0
2022-05-24,1400,,,,,,,,0
2022-05-23,1400,,,,,,,,0
2022-05-20,1400,,,,,,,,0
2022-05-19,1400,,,,,,,,0
2022-05-18,1400,,,,,,,,0
2022-05-17,1400,,,,,,,,0
2022-05-16,1400,,,,,,,,0
2022-05-13,1400,,,,,,,,0
2022-05-12,1400,,,,,,,,0
2022-05-11,1400,,,,,,,,0
2022-05-06,1400,,,,,,,,0
2022-05-05,1400,,,,,,,,0
2022-05-04,1400,,,,,,,,0
2022-04-29,1700,,,,,,,,0
2022-04-28,1700,,,,,,,,0
2022-04-27,1700,,,,,,,,0
2022-04-26,1700,689173.8,689173.8,17.0,17.0311,7.0,1.0,-1682.9689,0
2022-04-25,1700,,,,,,,,0
2022-04-22,1700,,,,,,,,0
2022-04-21,1700,,,,,,,,0
2022-04-20,1700,,,,,,,,0
2022-04-19,1700,1187114.3,1187114.3,17.0,17.0297,7.0,1.0,-1682.9703,0
2022-04-18,1700,,,,,,,,0
2022-04-15,1700,,,,,,,,0
2022-04-14,1700,,,,,,,,0
2022-04-13,1700,,,,,,,,0
2022-04-12,1700,1729175.9,760000.0,17.08,17.109,7.0,2.2752314473684208,-1682.891,1
2022-04-11,1700,,,,,,,,0
2022-04-08,2000,,,,,,,,0
2022-04-07,2000,,,,,,,,0
2022-04-06,2000,,,,,,,,0
2022-04-05,2000,1603511.8,1500000.0,20.0,20.017,7.0,1.0690078666666667,-1979.983,0
2022-04-04,2000,,,,,,,,0
2022-04-01,2000,,,,,,,,0
2022-03-31,2000,,,,,,,,0
2022-03-30,2000,,,,,,,,0
2022-03-29,2000,1480506.8,1480506.8,20.0,20.0154,7.0,1.0,-1979.9846,0
2022-03-28,2000,,,,,,,,0
2022-03-25,2000,,,,,,,,0
2022-03-24,2000,,,,,,,,0
2022-03-23,2000,,,,,,,,0
2022-03-22,2000,3514655.2,3514655.2,20.0,20.0277,7.0,1.0,-1979.9723,0
2022-03-21,2000,,,,,,,,0
2022-03-18,2000,,,,,,,,0
2022-03-17,2000,,,,,,,,0
2022-03-16,2000,,,,,,,,0
2022-03-15,2000,4841392.9,3000000.0,20.03,20.0353,7.0,1.6137976333333335,-1979.9647,0
2022-03-14,2000,,,,,,,,0
2022-03-11,2000,,,,,,,,0
2022-03-10,2000,,,,,,,,0
2022-03-09,2000,,,,,,,,0
2022-03-05,2000,,,,,,,,0
2022-03-04,2000,,,,,,,,0
2022-03-03,2000,,,,,,,,0
2022-03-02,2000,,,,,,,,0
2022-03-01,2000,4141630.2,4141630.2,20.0,20.0011,7.0,1.0,-1979.9989,0
2022-02-28,2000,,,,,,,,0
2022-02-25,950,,,,,,,,0
2022-02-24,950,,,,,,,,0
2022-02-23,950,,,,,,,,0
2022-02-22,950,,,,,,,,0
2022-02-21,950,,,,,,,,0
2022-02-18,950,,,,,,,,0
2022-02-17,950,,,,,,,,0
2022-02-16,950,,,,,,,,0
2022-02-15,950,,,,,,,,0
2022-02-14,950,,,,,,,,0
2022-02-11,850,,,,,,,,0
2022-02-10,850,,,,,,,,0
2022-02-09,850,,,,,,,,0
2022-02-08,850,,,,,,,,0
2022-02-07,850,,,,,,,,0
2022-02-04,850,,,,,,,,0
2022-02-03,850,,,,,,,,0
2022-02-02,850,,,,,,,,0
2022-02-01,850,,,,,,,,0
2022-01-31,850,,,,,,,,0
2022-01-28,850,,,,,,,,0
2022-01-27,850,,,,,,,,0
2022-01-26,850,,,,,,,,0
2022-01-25,850,,,,,,,,0
2022-01-24,850,,,,,,,,0
2022-01-21,850,,,,,,,,0
2022-01-20,850,,,,,,,,0
2022-01-19,850,,,,,,,,0
2022-01-18,850,,,,,,,,0
2022-01-17,850,,,,,,,,0
2022-01-14,850,,,,,,,,0
2022-01-13,850,,,,,,,,0
2022-01-12,850,,,,,,,,0
2022-01-11,850,,,,,,,,0
2022-01-10,850,,,,,,,,0
2022-01-06,850,,,,,,,,0
2022-01-05,850,,,,,,,,0
2022-01-04,850,,,,,,,,0
2022-01-03,850,,,,,,,,0
2021-12-30,850,,,,,,,,0
2021-12-29,850,,,,,,,,0
2021-12-28,850,,,,,,,,0
2021-12-27,850,,,,,,,,0
2021-12-24,850,,,,,,,,0
2021-12-23,850,,,,,,,,0
2021-12-22,850,,,,,,,,0
2021-12-21,850,,,,,,,,0
2021-12-20,850,,,,,,,,0
2021-12-17,750,,,,,,,,0
2021-12-16,750,,,,,,,,0
2021-12-15,750,,,,,,,,0
2021-12-14,750,,,,,,,,0
2021-12-13,750,,,,,,,,0
2021-12-10,750,,,,,,,,0
2021-12-09,750,,,,,,,,0
2021-12-08,750,,,,,,,,0
2021-12-07,750,,,,,,,,0
2021-12-06,750,,,,,,,,0
2021-12-03,750,,,,,,,,0
2021-12-02,750,,,,,,,,0
2021-12-01,750,,,,,,,,0
2021-11-30,750,,,,,,,,0
2021-11-29,750,,,,,,,,0
2021-11-26,750,,,,,,,,0
2021-11-25,750,,,,,,,,0
2021-11-24,750,,,,,,,,0
2021-11-23,750,,,,,,,,0
2021-11-22,750,,,,,,,,0
2021-11-19,750,,,,,,,,0
2021-11-18,750,,,,,,,,0
2021-11-17,750,,,,,,,,0
2021-11-16,750,,,,,,,,0
2021-11-15,750,,,,,,,,0
2021-11-12,750,,,,,,,,0
2021-11-11,750,,,,,,,,0
2021-11-10,750,,,,,,,,0
2021-11-09,750,,,,,,,,0
2021-11-08,750,,,,,,,,0
2021-11-05,750,,,,,,,,0
2021-11-03,750,,,,,,,,0
2021-11-02,750,,,,,,,,0
2021-11-01,750,,,,,,,,0
2021-10-29,750,,,,,,,,0
2021-10-28,750,,,,,,,,0
2021-10-27,750,,,,,,,,0
2021-10-26,750,,,,,,,,0
2021-10-25,750,,,,,,,,0
2021-10-22,675,,,,,,,,0
2021-10-21,675,,,,,,,,0
2021-10-20,675,,,,,,,,0
2021-10-19,675,,,,,,,,0
2021-10-18,675,,,,,,,,0
2021-10-15,675,,,,,,,,0
2021-10-14,675,,,,,,,,0
2021-10-13,675,,,,,,,,0
2021-10-12,675,,,,,,,,0
2021-10-11,675,,,,,,,,0
2021-10-08,675,,,,,,,,0
2021-10-07,675,,,,,,,,0
2021-10-06,675,,,,,,,,0
2021-10-05,675,,,,,,,,0
2021-10-04,675,,,,,,,,0
2021-10-01,675,,,,,,,,0
2021-09-30,675,,,,,,,,0
2021-09-29,675,,,,,,,,0
2021-09-28,675,,,,,,,,0
2021-09-27,675,,,,,,,,0
2021-09-24,675,,,,,,,,0
2021-09-23,675,,,,,,,,0
2021-09-22,675,,,,,,,,0
2021-09-21,675,,,,,,,,0
2021-09-20,675,,,,,,,,0
2021-09-17,675,,,,,,,,0
2021-09-16,675,,,,,,,,0
2021-09-15,675,,,,,,,,0
2021-09-14,675,,,,,,,,0
2021-09-13,675,,,,,,,,0
2021-09-10,650,,,,,,,,0
2021-09-09,650,,,,,,,,0
2021-09-08,650,,,,,,,,0
2021-09-07,650,,,,,,,,0
2021-09-06,650,,,,,,,,0
2021-09-03,650,,,,,,,,0
2021-09-02,650,,,,,,,,0
2021-09-01,650,,,,,,,,0
2021-08-31,650,,,,,,,,0
2021-08-30,650,,,,,,,,0
2021-08-27,650,,,,,,,,0
2021-08-26,650,,,,,,,,0
2021-08-25,650,,,,,,,,0
2021-08-24,650,,,,,,,,0
2021-08-23,650,,,,,,,,0
2021-08-20,650,,,,,,,,0
2021-08-19,650,,,,,,,,0
2021-08-18,650,,,,,,,,0
2021-08-17,650,,,,,,,,0
2021-08-16,650,,,,,,,,0
2021-08-13,650,,,,,,,,0
2021-08-12,650,,,,,,,,0
2021-08-11,650,,,,,,,,0
2021-08-10,650,,,,,,,,0
2021-08-09,650,,,,,,,,0
2021-08-06,650,,,,,,,,0
2021-08-05,650,,,,,,,,0
2021-08-04,650,,,,,,,,0
2021-08-03,650,,,,,,,,0
2021-08-02,650,,,,,,,,0
2021-07-30,650,,,,,,,,0
2021-07-29,650,,,,,,,,0
2021-07-28,650,,,,,,,,0
2021-07-27,650,,,,,,,,0
2021-07-26,650,,,,,,,,0
2021-07-23,550,,,,,,,,0
2021-07-22,550,,,,,,,,0
2021-07-21,550,,,,,,,,0
2021-07-20,550,,,,,,,,0
2021-07-19,550,,,,,,,,0
2021-07-16,550,,,,,,,,0
2021-07-15,550,,,,,,,,0
2021-07-14,550,,,,,,,,0
2021-07-13,550,,,,,,,,0
2021-07-12,550,,,,,,,,0
2021-07-09,550,,,,,,,,0
2021-07-08,550,,,,,,,,0
2021-07-07,550,,,,,,,,0
2021-07-06,550,,,,,,,,0
2021-07-05,550,,,,,,,,0
2021-07-02,550,,,,,,,,0
2021-07-01,550,,,,,,,,0
2021-06-30,550,,,,,,,,0
2021-06-29,550,,,,,,,,0
2021-06-28,550,,,,,,,,0
2021-06-25,550,,,,,,,,0
2021-06-24,550,,,,,,,,0
2021-06-23,550,,,,,,,,0
2021-06-22,550,,,,,,,,0
2021-06-21,550,,,,,,,,0
2021-06-18,550,,,,,,,,0
2021-06-17,550,,,,,,,,0
2021-06-16,550,,,,,,,,0
2021-06-15,550,,,,,,,,0
2021-06-14,500,,,,,,,,0
2021-06-11,500,,,,,,,,0
2021-06-10,500,,,,,,,,0
2021-06-09,500,,,,,,,,0
2021-06-08,500,,,,,,,,0
2021-06-07,500,,,,,,,,0
2021-06-04,500,,,,,,,,0
2021-06-03,500,,,,,,,,0
2021-06-02,500,,,,,,,,0
2021-06-01,500,,,,,,,,0
2021-05-31,500,,,,,,,,0
2021-05-28,500,,,,,,,,0
2021-05-27,500,,,,,,,,0
2021-05-26,500,,,,,,,,0
2021-05-25,500,,,,,,,,0
2021-05-24,500,,,,,,,,0
2021-05-21,500,,,,,,,,0
2021-05-20,500,,,,,,,,0
2021-05-19,500,,,,,,,,0
2021-05-18,500,,,,,,,,0
2021-05-17,500,,,,,,,,0
2021-05-14,500,,,,,,,,0
2021-05-13,500,,,,,,,,0
2021-05-12,500,,,,,,,,0
2021-05-11,500,,,,,,,,0
2021-05-07,500,,,,,,,,0
2021-05-06,500,,,,,,,,0
2021-05-05,500,,,,,,,,0
2021-05-04,500,,,,,,,,0
2021-04-30,500,,,,,,,,0
2021-04-29,500,,,,,,,,0
2021-04-28,500,,,,,,,,0
2021-04-27,500,,,,,,,,0
2021-04-26,500,,,,,,,,0
2021-04-23,450,,,,,,,,0
2021-04-22,450,,,,,,,,0
2021-04-21,450,,,,,,,,0
2021-04-20,450,,,,,,,,0
2021-04-19,450,,,,,,,,0
2021-04-16,450,,,,,,,,0
2021-04-15,450,,,,,,,,0
2021-04-14,450,,,,,,,,0
2021-04-13,450,,,,,,,,0
2021-04-12,450,,,,,,,,0
2021-04-09,450,,,,,,,,0
2021-04-08,450,,,,,,,,0
2021-04-07,450,,,,,,,,0
2021-04-06,450,,,,,,,,0
2021-04-05,450,,,,,,,,0
2021-04-02,450,,,,,,,,0
2021-04-01,450,,,,,,,,0
2021-03-31,450,,,,,,,,0
2021-03-30,450,,,,,,,,0
2021-03-29,450,,,,,,,,0
2021-03-26,450,,,,,,,,0
2021-03-25,450,,,,,,,,0
2021-03-24,450,,,,,,,,0
2021-03-23,450,,,,,,,,0
2021-03-22,450,,,,,,,,0
2021-03-19,425,,,,,,,,0
2021-03-18,425,,,,,,,,0
2021-03-17,425,,,,,,,,0
2021-03-16,425,,,,,,,,0
2021-03-15,425,,,,,,,,0
2021-03-12,425,,,,,,,,0
2021-03-11,425,,,,,,,,0
2021-03-10,425,,,,,,,,0
2021-03-09,425,,,,,,,,0
2021-03-05,425,,,,,,,,0
2021-03-04,425,,,,,,,,0
2021-03-03,425,,,,,,,,0
2021-03-02,425,,,,,,,,0
2021-03-01,425,,,,,,,,0
2021-02-26,425,,,,,,,,0
2021-02-25,425,,,,,,,,0
2021-02-24,425,,,,,,,,0
2021-02-22,425,,,,,,,,0
2021-02-20,425,,,,,,,,0
2021-02-19,425,,,,,,,,0
2021-02-18,425,,,,,,,,0
2021-02-17,425,,,,,,,,0
2021-02-16,425,,,,,,,,0
2021-02-15,425,,,,,,,,0
2021-02-12,425,,,,,,,,0
2021-02-11,425,,,,,,,,0
2021-02-10,425,,,,,,,,0
2021-02-09,425,,,,,,,,0
2021-02-08,425,,,,,,,,0
2021-02-05,425,,,,,,,,0
2021-02-04,425,,,,,,,,0
2021-02-03,425,,,,,,,,0
2021-02-02,425,,,,,,,,0
2021-02-01,425,,,,,,,,0
2021-01-29,425,,,,,,,,0
2021-01-28,425,,,,,,,,0
2021-01-27,425,,,,,,,,0
2021-01-26,425,,,,,,,,0
2021-01-25,425,,,,,,,,0
2021-01-22,425,,,,,,,,0
2021-01-21,425,,,,,,,,0
2021-01-20,425,,,,,,,,0
2021-01-19,425,,,,,,,,0
2021-01-18,425,,,,,,,,0
2021-01-15,425,,,,,,,,0
2021-01-14,425,,,,,,,,0
2021-01-13,425,,,,,,,,0
2021-01-12,425,,,,,,,,0
2021-01-11,425,,,,,,,,0
2021-01-08,425,,,,,,,,0
2021-01-06,425,,,,,,,,0
2021-01-05,425,,,,,,,,0
2021-01-04,425,,,,,,,,0
2020-12-31,425,,,,,,,,0
2020-12-30,425,,,,,,,,0
2020-12-29,425,,,,,,,,0
2020-12-28,425,,,,,,,,0
2020-12-25,425,,,,,,,,0
2020-12-24,425,,,,,,,,0
2020-12-23,425,,,,,,,,0
2020-12-22,425,,,,,,,,0
2020-12-21,425,,,,,,,,0
2020-12-18,425,,,,,,,,0
2020-12-17,425,,,,,,,,0
2020-12-16,425,,,,,,,,0
2020-12-15,425,,,,,,,,0
2020-12-14,425,,,,,,,,0
2020-12-11,425,,,,,,,,0
2020-12-10,425,,,,,,,,0
2020-12-09,425,,,,,,,,0
2020-12-08,425,,,,,,,,0
2020-12-07,425,,,,,,,,0
2020-12-04,425,,,,,,,,0
2020-12-03,425,,,,,,,,0
2020-12-02,425,,,,,,,,0
2020-12-01,425,,,,,,,,0
2020-11-30,425,,,,,,,,0
2020-11-27,425,,,,,,,,0
2020-11-26,425,,,,,,,,0
2020-11-25,425,,,,,,,,0
2020-11-24,425,,,,,,,,0
2020-11-23,425,,,,,,,,0
2020-11-20,425,,,,,,,,0
2020-11-19,425,,,,,,,,0
2020-11-18,425,,,,,,,,0
2020-11-17,425,,,,,,,,0
2020-11-16,425,,,,,,,,0
2020-11-13,425,,,,,,,,0
2020-11-12,425,,,,,,,,0
2020-11-11,425,,,,,,,,0
2020-11-10,425,,,,,,,,0
2020-11-09,425,,,,,,,,0
2020-11-06,425,,,,,,,,0
2020-11-05,425,,,,,,,,0
2020-11-03,425,,,,,,,,0
2020-11-02,425,,,,,,,,0
2020-10-30,425,,,,,,,,0
2020-10-29,425,,,,,,,,0
2020-10-28,425,,,,,,,,0
2020-10-27,425,,,,,,,,0
2020-10-26,425,,,,,,,,0
2020-10-23,425,,,,,,,,0
2020-10-22,425,,,,,,,,0
2020-10-21,425,,,,,,,,0
2020-10-20,425,,,,,,,,0
2020-10-19,425,,,,,,,,0
2020-10-16,425,,,,,,,,0
2020-10-15,425,,,,,,,,0
2020-10-14,425,,,,,,,,0
2020-10-13,425,,,,,,,,0
2020-10-12,425,,,,,,,,0
2020-10-09,425,,,,,,,,0
2020-10-08,425,,,,,,,,0
2020-10-07,425,,,,,,,,0
2020-10-06,425,,,,,,,,0
2020-10-05,425,,,,,,,,0
2020-10-02,425,,,,,,,,0
2020-10-01,425,,,,,,,,0
2020-09-30,425,,,,,,,,0
2020-09-29,425,,,,,,,,0
2020-09-28,425,,,,,,,,0
2020-09-25,425,,,,,,,,0
2020-09-24,425,,,,,,,,0
2020-09-23,425,,,,,,,,0
2020-09-22,425,,,,,,,,0
2020-09-21,425,,,,,,,,0
2020-09-18,425,,,,,,,,0
2020-09-17,425,,,,,,,,0
2020-09-16,425,,,,,,,,0
2020-09-15,425,,,,,,,,0
2020-09-14,425,,,,,,,,0
2020-09-11,425,,,,,,,,0
2020-09-10,425,,,,,,,,0
2020-09-09,425,,,,,,,,0
2020-09-08,425,,,,,,,,0
2020-09-07,425,,,,,,,,0
2020-09-04,425,,,,,,,,0
2020-09-03,425,,,,,,,,0
2020-09-02,425,,,,,,,,0
2020-09-01,425,,,,,,,,0
2020-08-31,425,,,,,,,,0
2020-08-28,425,,,,,,,,0
2020-08-27,425,,,,,,,,0
2020-08-26,425,,,,,,,,0
2020-08-25,425,,,,,,,,0
2020-08-24,425,,,,,,,,0
2020-08-21,425,,,,,,,,0
2020-08-20,425,,,,,,,,0
2020-08-19,425,,,,,,,,0
2020-08-18,425,,,,,,,,0
2020-08-17,425,,,,,,,,0
2020-08-14,425,,,,,,,,0
2020-08-13,425,,,,,,,,0
2020-08-12,425,,,,,,,,0
2020-08-11,425,,,,,,,,0
2020-08-10,425,,,,,,,,0
2020-08-07,425,,,,,,,,0
2020-08-06,425,,,,,,,,0
2020-08-05,425,,,,,,,,0
2020-08-04,425,,,,,,,,0
2020-08-03,425,,,,,,,,0
2020-07-31,425,,,,,,,,0
2020-07-30,425,,,,,,,,0
2020-07-29,425,,,,,,,,0
2020-07-28,425,,,,,,,,0
2020-07-27,425,,,,,,,,0
2020-07-24,450,,,,,,,,0
2020-07-23,450,,,,,,,,0
2020-07-22,450,,,,,,,,0
2020-07-21,450,,,,,,,,0
2020-07-20,450,,,,,,,,0
2020-07-17,450,,,,,,,,0
2020-07-16,450,,,,,,,,0
2020-07-15,450,,,,,,,,0
2020-07-14,450,,,,,,,,0
2020-07-13,450,,,,,,,,0
2020-07-10,450,,,,,,,,0
2020-07-09,450,,,,,,,,0
2020-07-08,450,,,,,,,,0
2020-07-07,450,,,,,,,,0
2020-07-06,450,,,,,,,,0
2020-07-03,450,,,,,,,,0
2020-07-02,450,,,,,,,,0
2020-06-30,450,,,,,,,,0
2020-06-29,450,,,,,,,,0
2020-06-26,450,,,,,,,,0
2020-06-25,450,,,,,,,,0
2020-06-23,450,,,,,,,,0
2020-06-22,450,,,,,,,,0
2020-06-19,550,,,,,,,,0
2020-06-18,550,,,,,,,,0
2020-06-17,550,,,,,,,,0
2020-06-16,550,,,,,,,,0
2020-06-15,550,,,,,,,,0
2020-06-11,550,,,,,,,,0
2020-06-10,550,,,,,,,,0
2020-06-09,550,,,,,,,,0
2020-06-08,550,,,,,,,,0
2020-06-05,550,,,,,,,,0
2020-06-04,550,,,,,,,,0
2020-06-03,550,,,,,,,,0
2020-06-02,550,,,,,,,,0
2020-06-01,550,,,,,,,,0
2020-05-29,550,,,,,,,,0
2020-05-28,550,,,,,,,,0
2020-05-27,550,,,,,,,,0
2020-05-26,550,,,,,,,,0
2020-05-25,550,,,,,,,,0
2020-05-22,550,,,,,,,,0
2020-05-21,550,,,,,,,,0
2020-05-20,550,,,,,,,,0
2020-05-19,550,,,,,,,,0
2020-05-18,550,,,,,,,,0
2020-05-15,550,,,,,,,,0
2020-05-14,550,,,,,,,,0
2020-05-13,550,,,,,,,,0
2020-05-12,550,,,,,,,,0
2020-05-08,550,,,,,,,,0
2020-05-07,550,,,,,,,,0
2020-05-06,550,,,,,,,,0
2020-05-05,550,,,,,,,,0
2020-05-04,550,,,,,,,,0
2020-04-30,550,,,,,,,,0
2020-04-29,550,,,,,,,,0
2020-04-28,550,,,,,,,,0
2020-04-27,550,,,,,,,,0
2020-04-24,600,,,,,,,,0
2020-04-23,600,,,,,,,,0
2020-04-22,600,,,,,,,,0
2020-04-21,600,,,,,,,,0
2020-04-20,600,,,,,,,,0
2020-04-17,600,,,,,,,,0
2020-04-16,600,,,,,,,,0
2020-04-15,600,,,,,,,,0
2020-04-14,600,,,,,,,,0
2020-04-13,600,,,,,,,,0
2020-04-10,600,,,,,,,,0
2020-04-09,600,,,,,,,,0
2020-04-08,600,,,,,,,,0
2020-04-07,600,,,,,,,,0
2020-04-06,600,,,,,,,,0
2020-04-03,600,,,,,,,,0
2020-04-02,600,,,,,,,,0
2020-04-01,600,,,,,,,,0
2020-03-31,600,,,,,,,,0
2020-03-30,600,,,,,,,,0
2020-03-27,600,,,,,,,,0
2020-03-26,600,,,,,,,,0
2020-03-25,600,,,,,,,,0
2020-03-24,600,,,,,,,,0
2020-03-23,600,,,,,,,,0
2020-03-20,600,,,,,,,,0
2020-03-19,600,,,,,,,,0
2020-03-18,600,,,,,,,,0
2020-03-17,600,,,,,,,,0
2020-03-16,600,,,,,,,,0
2020-03-13,600,,,,,,,,0
2020-03-12,600,,,,,,,,0
2020-03-11,600,,,,,,,,0
2020-03-10,600,,,,,,,,0
2020-03-06,600,,,,,,,,0
2020-03-05,600,,,,,,,,0
2020-03-04,600,,,,,,,,0
2020-03-03,600,,,,,,,,0
2020-03-02,600,,,,,,,,0
2020-02-28,600,,,,,,,,0
2020-02-27,600,,,,,,,,0
2020-02-26,600,,,,,,,,0
2020-02-25,600,,,,,,,,0
2020-02-21,600,,,,,,,,0
2020-02-20,600,,,,,,,,0
2020-02-19,600,,,,,,,,0
2020-02-18,600,,,,,,,,0
2020-02-17,600,,,,,,,,0
2020-02-14,600,,,,,,,,0
2020-02-13,600,,,,,,,,0
2020-02-12,600,,,,,,,,0
2020-02-11,600,,,,,,,,0
2020-02-10,600,,,,,,,,0
2020-02-07,625,,,,,,,,0
2020-02-06,625,,,,,,,,0
2020-02-05,625,,,,,,,,0
2020-02-04,625,,,,,,,,0
2020-02-03,625,,,,,,,,0
2020-01-31,625,,,,,,,,0
2020-01-30,625,,,,,,,,0
2020-01-29,625,,,,,,,,0
2020-01-28,625,,,,,,,,0
2020-01-27,625,,,,,,,,0
2020-01-24,625,,,,,,,,0
2020-01-23,625,,,,,,,,0
2020-01-22,625,,,,,,,,0
2020-01-21,625,,,,,,,,0
2020-01-20,625,,,,,,,,0
2020-01-17,625,,,,,,,,0
2020-01-16,625,,,,,,,,0
2020-01-15,625,,,,,,,,0
2020-01-14,625,,,,,,,,0
2020-01-13,625,,,,,,,,0
2020-01-10,625,,,,,,,,0
2020-01-09,625,,,,,,,,0
2020-01-08,625,,,,,,,,0
2020-01-06,625,,,,,,,,0
2020-01-03,625,,,,,,,,0
2019-12-31,625,,,,,,,,0
2019-12-30,625,,,,,,,,0
2019-12-27,625,,,,,,,,0
2019-12-26,625,,,,,,,,0
2019-12-25,625,,,,,,,,0
2019-12-24,625,,,,,,,,0
2019-12-23,625,,,,,,,,0
2019-12-20,625,,,,,,,,0
2019-12-19,625,,,,,,,,0
2019-12-18,625,,,,,,,,0
2019-12-17,625,,,,,,,,0
2019-12-16,625,,,,,,,,0
2019-12-13,650,,,,,,,,0
2019-12-12,650,,,,,,,,0
2019-12-11,650,,,,,,,,0
2019-12-10,650,,,,,,,,0
2019-12-09,650,,,,,,,,0
2019-12-06,650,,,,,,,,0
2019-12-05,650,,,,,,,,0
2019-12-04,650,,,,,,,,0
2019-12-03,650,,,,,,,,0
2019-12-02,650,,,,,,,,0
2019-11-29,650,,,,,,,,0
2019-11-28,650,,,,,,,,0
2019-11-27,650,,,,,,,,0
2019-11-26,650,,,,,,,,0
2019-11-25,650,,,,,,,,0
2019-11-22,650,,,,,,,,0
2019-11-21,650,,,,,,,,0
2019-11-20,650,,,,,,,,0
2019-11-19,650,,,,,,,,0
2019-11-18,650,,,,,,,,0
2019-11-15,650,,,,,,,,0
2019-11-14,650,,,,,,,,0
2019-11-13,650,,,,,,,,0
2019-11-12,650,,,,,,,,0
2019-11-11,650,,,,,,,,0
2019-11-08,650,,,,,,,,0
2019-11-07,650,,,,,,,,0
2019-11-06,650,,,,,,,,0
2019-11-05,650,,,,,,,,0
2019-11-01,650,,,,,,,,0
2019-10-31,650,,,,,,,,0
2019-10-30,650,,,,,,,,0
2019-10-29,650,,,,,,,,0
2019-10-28,650,,,,,,,,0
2019-10-25,700,,,,,,,,0
2019-10-24,700,,,,,,,,0
2019-10-23,700,,,,,,,,0
2019-10-22,700,,,,,,,,0
2019-10-21,700,,,,,,,,0
2019-10-18,700,,,,,,,,0
2019-10-17,700,,,,,,,,0
2019-10-16,700,,,,,,,,0
2019-10-15,700,,,,,,,,0
2019-10-14,700,,,,,,,,0
2019-10-11,700,,,,,,,,0
2019-10-10,700,,,,,,,,0
2019-10-09,700,,,,,,,,0
2019-10-08,700,,,,,,,,0
2019-10-07,700,,,,,,,,0
2019-10-04,700,,,,,,,,0
2019-10-03,700,,,,,,,,0
2019-10-02,700,,,,,,,,0
2019-10-01,700,,,,,,,,0
2019-09-30,700,,,,,,,,0
2019-09-27,700,,,,,,,,0
2019-09-26,700,,,,,,,,0
2019-09-25,700,,,,,,,,0
2019-09-24,700,,,,,,,,0
2019-09-23,700,,,,,,,,0
2019-09-20,700,,,,,,,,0
2019-09-19,700,,,,,,,,0
2019-09-18,700,,,,,,,,0
2019-09-17,700,,,,,,,,0
2019-09-16,700,,,,,,,,0
2019-09-13,700,,,,,,,,0
2019-09-12,700,,,,,,,,0
2019-09-11,700,,,,,,,,0
2019-09-10,700,,,,,,,,0
2019-09-09,700,,,,,,,,0
2019-09-06,725,,,,,,,,0
2019-09-05,725,,,,,,,,0
2019-09-04,725,,,,,,,,0
2019-09-03,725,,,,,,,,0
2019-09-02,725,,,,,,,,0
2019-08-30,725,,,,,,,,0
2019-08-29,725,,,,,,,,0
2019-08-28,725,,,,,,,,0
2019-08-27,725,,,,,,,,0
2019-08-26,725,,,,,,,,0
2019-08-23,725,,,,,,,,0
2019-08-22,725,,,,,,,,0
2019-08-21,725,,,,,,,,0
2019-08-20,725,,,,,,,,0
2019-08-19,725,,,,,,,,0
2019-08-16,725,,,,,,,,0
2019-08-15,725,,,,,,,,0
2019-08-14,725,,,,,,,,0
2019-08-13,725,,,,,,,,0
2019-08-12,725,,,,,,,,0
2019-08-09,725,,,,,,,,0
2019-08-08,725,,,,,,,,0
2019-08-07,725,,,,,,,,0
2019-08-06,725,,,,,,,,0
2019-08-05,725,,,,,,,,0
2019-08-02,725,,,,,,,,0
2019-08-01,725,,,,,,,,0
2019-07-31,725,,,,,,,,0
2019-07-30,725,,,,,,,,0
2019-07-29,725,,,,,,,,0
2019-07-26,750,,,,,,,,0
2019-07-25,750,,,,,,,,0
2019-07-24,750,,,,,,,,0
2019-07-23,750,,,,,,,,0
2019-07-22,750,,,,,,,,0
2019-07-19,750,,,,,,,,0
2019-07-18,750,,,,,,,,0
2019-07-17,750,,,,,,,,0
2019-07-16,750,,,,,,,,0
2019-07-15,750,,,,,,,,0
2019-07-12,750,,,,,,,,0
2019-07-11,750,,,,,,,,0
2019-07-10,750,,,,,,,,0
2019-07-09,750,,,,,,,,0
2019-07-08,750,,,,,,,,0
2019-07-05,750,,,,,,,,0
2019-07-04,750,,,,,,,,0
2019-07-03,750,,,,,,,,0
2019-07-02,750,,,,,,,,0
2019-07-01,750,,,,,,,,0
2019-06-28,750,,,,,,,,0
2019-06-27,750,,,,,,,,0
2019-06-26,750,,,,,,,,0
2019-06-25,750,,,,,,,,0
2019-06-24,750,,,,,,,,0
2019-06-21,750,,,,,,,,0
2019-06-20,750,,,,,,,,0
2019-06-19,750,,,,,,,,0
2019-06-18,750,,,,,,,,0
2019-06-17,750,,,,,,,,0
2019-06-14,775,,,,,,,,0
2019-06-13,775,,,,,,,,0
2019-06-12,775,,,,,,,,0
2019-06-11,775,,,,,,,,0
2019-06-10,775,,,,,,,,0
2019-06-07,775,,,,,,,,0
2019-06-06,775,,,,,,,,0
2019-06-05,775,,,,,,,,0
2019-06-04,775,,,,,,,,0
2019-06-03,775,,,,,,,,0
2019-05-31,775,,,,,,,,0
2019-05-30,775,,,,,,,,0
2019-05-29,775,,,,,,,,0
2019-05-28,775,,,,,,,,0
2019-05-27,775,,,,,,,,0
2019-05-24,775,,,,,,,,0
2019-05-23,775,,,,,,,,0
2019-05-22,775,,,,,,,,0
2019-05-21,775,,,,,,,,0
2019-05-20,775,,,,,,,,0
2019-05-17,775,,,,,,,,0
2019-05-16,775,,,,,,,,0
2019-05-15,775,,,,,,,,0
2019-05-14,775,,,,,,,,0
2019-05-13,775,,,,,,,,0
2019-05-08,775,,,,,,,,0
2019-05-07,775,,,,,,,,0
2019-05-06,775,,,,,,,,0
2019-04-30,775,,,,,,,,0
2019-04-29,775,,,,,,,,0
2019-04-26,775,,,,,,,,0
2019-04-25,775,,,,,,,,0
2019-04-24,775,,,,,,,,0
2019-04-23,775,,,,,,,,0
2019-04-22,775,,,,,,,,0
2019-04-19,775,,,,,,,,0
2019-04-18,775,,,,,,,,0
2019-04-17,775,,,,,,,,0
2019-04-16,775,,,,,,,,0
2019-04-15,775,,,,,,,,0
2019-04-12,775,,,,,,,,0
2019-04-11,775,,,,,,,,0
2019-04-10,775,,,,,,,,0
2019-04-09,775,,,,,,,,0
2019-04-08,775,,,,,,,,0
2019-04-05,775,,,,,,,,0
2019-04-04,775,,,,,,,,0
2019-04-03,775,,,,,,,,0
2019-04-02,775,,,,,,,,0
2019-04-01,775,,,,,,,,0
2019-03-29,775,,,,,,,,0
2019-03-28,775,,,,,,,,0
2019-03-27,775,,,,,,,,0
2019-03-26,775,,,,,,,,0
2019-03-25,775,,,,,,,,0
2019-03-22,775,,,,,,,,0
2019-03-21,775,,,,,,,,0
2019-03-20,775,,,,,,,,0
2019-03-19,775,,,,,,,,0
2019-03-18,775,,,,,,,,0
2019-03-15,775,,,,,,,,0
2019-03-14,775,,,,,,,,0
2019-03-13,775,,,,,,,,0
2019-03-12,775,,,,,,,,0
2019-03-11,775,,,,,,,,0
2019-03-07,775,,,,,,,,0
2019-03-06,775,,,,,,,,0
2019-03-05,775,,,,,,,,0
2019-03-04,775,,,,,,,,0
2019-03-01,775,,,,,,,,0
2019-02-28,775,,,,,,,,0
2019-02-27,775,,,,,,,,0
2019-02-26,775,,,,,,,,0
2019-02-25,775,,,,,,,,0
2019-02-22,775,,,,,,,,0
2019-02-21,775,,,,,,,,0
2019-02-20,775,,,,,,,,0
2019-02-19,775,,,,,,,,0
2019-02-18,775,,,,,,,,0
2019-02-15,775,,,,,,,,0
2019-02-14,775,,,,,,,,0
2019-02-13,775,,,,,,,,0
2019-02-12,775,,,,,,,,0
2019-02-11,775,,,,,,,,0
2019-02-08,775,,,,,,,,0
2019-02-07,775,,,,,,,,0
2019-02-06,775,,,,,,,,0
2019-02-05,775,,,,,,,,0
2019-02-04,775,,,,,,,,0
2019-02-01,775,,,,,,,,0
2019-01-31,775,,,,,,,,0
2019-01-30,775,,,,,,,,0
2019-01-29,775,,,,,,,,0
2019-01-28,775,,,,,,,,0
2019-01-25,775,,,,,,,,0
2019-01-24,775,,,,,,,,0
2019-01-23,775,,,,,,,,0
2019-01-22,775,,,,,,,,0
2019-01-21,775,,,,,,,,0
2019-01-18,775,,,,,,,,0
2019-01-17,775,,,,,,,,0
2019-01-16,775,,,,,,,,0
2019-01-15,775,,,,,,,,0
2019-01-14,775,,,,,,,,0
2019-01-11,775,,,,,,,,0
2019-01-10,775,,,,,,,,0
2019-01-09,775,,,,,,,,0
2018-12-28,775,,,,,,,,0
2018-12-27,775,,,,,,,,0
2018-12-26,775,,,,,,,,0
2018-12-25,775,,,,,,,,0
2018-12-24,775,,,,,,,,0
2018-12-21,775,,,,,,,,0
2018-12-20,775,,,,,,,,0
2018-12-19,775,,,,,,,,0
2018-12-18,775,,,,,,,,0
2018-12-17,775,,,,,,,,0
2018-12-14,750,,,,,,,,0
2018-12-13,750,,,,,,,,0
2018-12-12,750,,,,,,,,0
2018-12-11,750,,,,,,,,0
2018-12-10,750,,,,,,,,0
2018-12-07,750,,,,,,,,0
2018-12-06,750,,,,,,,,0
2018-12-05,750,,,,,,,,0
2018-12-04,750,,,,,,,,0
2018-12-03,750,,,,,,,,0
2018-11-30,750,,,,,,,,0
2018-11-29,750,,,,,,,,0
2018-11-28,750,,,,,,,,0
2018-11-27,750,,,,,,,,0
2018-11-26,750,,,,,,,,0
2018-11-23,750,,,,,,,,0
2018-11-22,750,,,,,,,,0
2018-11-21,750,,,,,,,,0
2018-11-20,750,,,,,,,,0
2018-11-19,750,,,,,,,,0
2018-11-16,750,,,,,,,,0
2018-11-15,750,,,,,,,,0
2018-11-14,750,,,,,,,,0
2018-11-13,750,,,,,,,,0
2018-11-12,750,,,,,,,,0
2018-11-09,750,,,,,,,,0
2018-11-08,750,,,,,,,,0
2018-11-07,750,,,,,,,,0
2018-11-06,750,,,,,,,,0
2018-11-02,750,,,,,,,,0
2018-11-01,750,,,,,,,,0
2018-10-31,750,,,,,,,,0
2018-10-30,750,,,,,,,,0
2018-10-29,750,,,,,,,,0
2018-10-26,750,,,,,,,,0
2018-10-25,750,,,,,,,,0
2018-10-24,750,,,,,,,,0
2018-10-23,750,,,,,,,,0
2018-10-22,750,,,,,,,,0
2018-10-19,750,,,,,,,,0
2018-10-18,750,,,,,,,,0
2018-10-17,750,,,,,,,,0
2018-10-16,750,,,,,,,,0
2018-10-15,750,,,,,,,,0
2018-10-12,750,,,,,,,,0
2018-10-11,750,,,,,,,,0
2018-10-10,750,,,,,,,,0
2018-10-09,750,,,,,,,,0
2018-10-08,750,,,,,,,,0
2018-10-05,750,,,,,,,,0
2018-10-04,750,,,,,,,,0
2018-10-03,750,,,,,,,,0
2018-10-02,750,,,,,,,,0
2018-10-01,750,,,,,,,,0
2018-09-28,750,,,,,,,,0
2018-09-27,750,,,,,,,,0
2018-09-26,750,,,,,,,,0
2018-09-25,750,,,,,,,,0
2018-09-24,750,,,,,,,,0
2018-09-21,750,,,,,,,,0
2018-09-20,750,,,,,,,,0
2018-09-19,750,,,,,,,,0
2018-09-18,750,,,,,,,,0
2018-09-17,750,,,,,,,,0
2018-09-14,725,,,,,,,,0
2018-09-13,725,,,,,,,,0
2018-09-12,725,,,,,,,,0
2018-09-11,725,,,,,,,,0
2018-09-10,725,,,,,,,,0
2018-09-07,725,,,,,,,,0
2018-09-06,725,,,,,,,,0
2018-09-05,725,,,,,,,,0
2018-09-04,725,,,,,,,,0
2018-09-03,725,,,,,,,,0
2018-08-31,725,,,,,,,,0
2018-08-30,725,,,,,,,,0
2018-08-29,725,,,,,,,,0
2018-08-28,725,,,,,,,,0
2018-08-27,725,,,,,,,,0
2018-08-24,725,,,,,,,,0
2018-08-23,725,,,,,,,,0
2018-08-22,725,,,,,,,,0
2018-08-21,725,,,,,,,,0
2018-08-20,725,,,,,,,,0
2018-08-17,725,,,,,,,,0
2018-08-16,725,,,,,,,,0
2018-08-15,725,,,,,,,,0
2018-08-14,725,,,,,,,,0
2018-08-13,725,,,,,,,,0
2018-08-10,725,,,,,,,,0
2018-08-09,725,,,,,,,,0
2018-08-08,725,,,,,,,,0
2018-08-07,725,,,,,,,,0
2018-08-06,725,,,,,,,,0
2018-08-03,725,,,,,,,,0
2018-08-02,725,,,,,,,,0
2018-08-01,725,,,,,,,,0
2018-07-31,725,,,,,,,,0
2018-07-30,725,,,,,,,,0
2018-07-27,725,,,,,,,,0
2018-07-26,725,,,,,,,,0
2018-07-25,725,,,,,,,,0
2018-07-24,725,,,,,,,,0
2018-07-23,725,,,,,,,,0
2018-07-20,725,,,,,,,,0
2018-07-19,725,,,,,,,,0
2018-07-18,725,,,,,,,,0
2018-07-17,725,,,,,,,,0
2018-07-16,725,,,,,,,,0
2018-07-13,725,,,,,,,,0
2018-07-12,725,,,,,,,,0
2018-07-11,725,,,,,,,,0
2018-07-10,725,,,,,,,,0
2018-07-09,725,,,,,,,,0
2018-07-06,725,,,,,,,,0
2018-07-05,725,,,,,,,,0
2018-07-04,725,,,,,,,,0
2018-07-03,725,,,,,,,,0
2018-07-02,725,,,,,,,,0
2018-06-29,725,,,,,,,,0
2018-06-28,725,,,,,,,,0
2018-06-27,725,,,,,,,,0
2018-06-26,725,,,,,,,,0
2018-06-25,725,,,,,,,,0
2018-06-22,725,,,,,,,,0
2018-06-21,725,,,,,,,,0
2018-06-20,725,,,,,,,,0
2018-06-19,725,,,,,,,,0
2018-06-18,725,,,,,,,,0
2018-06-15,725,,,,,,,,0
2018-06-14,725,,,,,,,,0
2018-06-13,725,,,,,,,,0
2018-06-09,725,,,,,,,,0
2018-06-08,725,,,,,,,,0
2018-06-07,725,,,,,,,,0
2018-06-06,725,,,,,,,,0
2018-06-05,725,,,,,,,,0
2018-06-04,725,,,,,,,,0
2018-06-01,725,,,,,,,,0
2018-05-31,725,,,,,,,,0
2018-05-30,725,,,,,,,,0
2018-05-29,725,,,,,,,,0
2018-05-28,725,,,,,,,,0
2018-05-25,725,,,,,,,,0
2018-05-24,725,,,,,,,,0
2018-05-23,725,,,,,,,,0
2018-05-22,725,,,,,,,,0
2018-05-21,725,,,,,,,,0
2018-05-18,725,,,,,,,,0
2018-05-17,725,,,,,,,,0
2018-05-16,725,,,,,,,,0
2018-05-15,725,,,,,,,,0
2018-05-14,725,,,,,,,,0
2018-05-11,725,,,,,,,,0
2018-05-10,725,,,,,,,,0
2018-05-08,725,,,,,,,,0
2018-05-07,725,,,,,,,,0
2018-05-04,725,,,,,,,,0
2018-05-03,725,,,,,,,,0
2018-04-28,725,,,,,,,,0
2018-04-27,725,,,,,,,,0
2018-04-26,725,,,,,,,,0
2018-04-25,725,,,,,,,,0
2018-04-24,725,,,,,,,,0
2018-04-23,725,,,,,,,,0
2018-04-20,725,,,,,,,,0
2018-04-19,725,,,,,,,,0
2018-04-18,725,,,,,,,,0
2018-04-17,725,,,,,,,,0
2018-04-16,725,,,,,,,,0
2018-04-13,725,,,,,,,,0
2018-04-12,725,,,,,,,,0
2018-04-11,725,,,,,,,,0
2018-04-10,725,,,,,,,,0
2018-04-09,725,,,,,,,,0
2018-04-06,725,,,,,,,,0
2018-04-05,725,,,,,,,,0
2018-04-04,725,,,,,,,,0
2018-04-03,725,,,,,,,,0
2018-04-02,725,,,,,,,,0
2018-03-30,725,,,,,,,,0
2018-03-29,725,,,,,,,,0
2018-03-28,725,,,,,,,,0
2018-03-27,725,,,,,,,,0
2018-03-26,725,,,,,,,,0
2018-03-23,750,,,,,,,,0
2018-03-22,750,,,,,,,,0
2018-03-21,750,,,,,,,,0
2018-03-20,750,,,,,,,,0
2018-03-19,750,,,,,,,,0
2018-03-16,750,,,,,,,,0
2018-03-15,750,,,,,,,,0
2018-03-14,750,,,,,,,,0
2018-03-13,750,,,,,,,,0
2018-03-12,750,,,,,,,,0
2018-03-07,750,,,,,,,,0
2018-03-06,750,,,,,,,,0
2018-03-05,750,,,,,,,,0
2018-03-02,750,,,,,,,,0
2018-03-01,750,,,,,,,,0
2018-02-28,750,,,,,,,,0
2018-02-27,750,,,,,,,,0
2018-02-26,750,,,,,,,,0
2018-02-22,750,,,,,,,,0
2018-02-21,750,,,,,,,,0
2018-02-20,750,,,,,,,,0
2018-02-19,750,,,,,,,,0
2018-02-16,750,,,,,,,,0
2018-02-15,750,,,,,,,,0
2018-02-14,750,,,,,,,,0
2018-02-13,750,,,,,,,,0
2018-02-12,750,,,,,,,,0
2018-02-09,775,,,,,,,,0
2018-02-08,775,,,,,,,,0
2018-02-07,775,,,,,,,,0
2018-02-06,775,,,,,,,,0
2018-02-05,775,,,,,,,,0
2018-02-02,775,,,,,,,,0
2018-02-01,775,,,,,,,,0
2018-01-31,775,,,,,,,,0
2018-01-30,775,,,,,,,,0
2018-01-29,775,,,,,,,,0
2018-01-26,775,,,,,,,,0
2018-01-25,775,,,,,,,,0
2018-01-24,775,,,,,,,,0
2018-01-23,775,,,,,,,,0
2018-01-22,775,,,,,,,,0
2018-01-19,775,,,,,,,,0
2018-01-18,775,,,,,,,,0
2018-01-17,775,,,,,,,,0
2018-01-16,775,,,,,,,,0
2018-01-15,775,,,,,,,,0
2018-01-12,775,,,,,,,,0
2018-01-11,775,,,,,,,,0
2018-01-10,775,,,,,,,,0
2018-01-09,775,,,,,,,,0
2017-12-29,775,,,,,,,,0
2017-12-28,775,,,,,,,,0
2017-12-27,775,,,,,,,,0
2017-12-26,775,,,,,,,,0
2017-12-25,775,,,,,,,,0
2017-12-22,775,,,,,,,,0
2017-12-21,775,,,,,,,,0
2017-12-20,775,,,,,,,,0
2017-12-19,775,,,,,,,,0
2017-12-18,775,,,,,,,,0
2017-12-15,825,,,,,,,,0
2017-12-14,825,,,,,,,,0
2017-12-13,825,,,,,,,,0
2017-12-12,825,,,,,,,,0
2017-12-11,825,,,,,,,,0
2017-12-08,825,,,,,,,,0
2017-12-07,825,,,,,,,,0
2017-12-06,825,,,,,,,,0
2017-12-05,825,,,,,,,,0
2017-12-04,825,,,,,,,,0
2017-12-01,825,,,,,,,,0
2017-11-30,825,,,,,,,,0
2017-11-29,825,,,,,,,,0
2017-11-28,825,,,,,,,,0
2017-11-27,825,,,,,,,,0
2017-11-24,825,,,,,,,,0
2017-11-23,825,,,,,,,,0
2017-11-22,825,,,,,,,,0
2017-11-21,825,,,,,,,,0
2017-11-20,825,,,,,,,,0
2017-11-17,825,,,,,,,,0
2017-11-16,825,,,,,,,,0
2017-11-15,825,,,,,,,,0
2017-11-14,825,,,,,,,,0
2017-11-13,825,,,,,,,,0
2017-11-10,825,,,,,,,,0
2017-11-09,825,,,,,,,,0
2017-11-08,825,,,,,,,,0
2017-11-07,825,,,,,,,,0
2017-11-03,825,,,,,,,,0
2017-11-02,825,,,,,,,,0
2017-11-01,825,,,,,,,,0
2017-10-31,825,,,,,,,,0
2017-10-30,825,,,,,,,,0
2017-10-27,850,,,,,,,,0
2017-10-26,850,,,,,,,,0
2017-10-25,850,,,,,,,,0
2017-10-24,850,,,,,,,,0
2017-10-23,850,,,,,,,,0
2017-10-20,850,,,,,,,,0
2017-10-19,850,,,,,,,,0
2017-10-18,850,,,,,,,,0
2017-10-17,850,,,,,,,,0
2017-10-16,850,,,,,,,,0
2017-10-13,850,,,,,,,,0
2017-10-12,850,,,,,,,,0
2017-10-11,850,,,,,,,,0
2017-10-10,850,,,,,,,,0
2017-10-09,850,,,,,,,,0
2017-10-06,850,,,,,,,,0
2017-10-05,850,,,,,,,,0
2017-10-04,850,,,,,,,,0
2017-10-03,850,,,,,,,,0
2017-10-02,850,,,,,,,,0
2017-09-29,850,,,,,,,,0
2017-09-28,850,,,,,,,,0
2017-09-27,850,,,,,,,,0
2017-09-26,850,,,,,,,,0
2017-09-25,850,,,,,,,,0
2017-09-22,850,,,,,,,,0
2017-09-21,850,,,,,,,,0
2017-09-20,850,,,,,,,,0
2017-09-19,850,,,,,,,,0
2017-09-18,850,,,,,,,,0
2017-09-15,900,,,,,,,,0
2017-09-14,900,,,,,,,,0
2017-09-13,900,,,,,,,,0
2017-09-12,900,,,,,,,,0
2017-09-11,900,,,,,,,,0
2017-09-08,900,,,,,,,,0
2017-09-07,900,,,,,,,,0
2017-09-06,900,,,,,,,,0
2017-09-05,900,,,,,,,,0
2017-09-04,900,,,,,,,,0
2017-09-01,900,,,,,,,,0
2017-08-31,900,,,,,,,,0
2017-08-30,900,,,,,,,,0
2017-08-29,900,,,,,,,,0
2017-08-28,900,,,,,,,,0
2017-08-25,900,,,,,,,,0
2017-08-24,900,,,,,,,,0
2017-08-23,900,,,,,,,,0
2017-08-22,900,,,,,,,,0
2017-08-21,900,,,,,,,,0
2017-08-18,900,,,,,,,,0
2017-08-17,900,,,,,,,,0
2017-08-16,900,,,,,,,,0
2017-08-15,900,,,,,,,,0
2017-08-14,900,,,,,,,,0
2017-08-11,900,,,,,,,,0
2017-08-10,900,,,,,,,,0
2017-08-09,900,,,,,,,,0
2017-08-08,900,,,,,,,,0
2017-08-07,900,,,,,,,,0
2017-08-04,900,,,,,,,,0
2017-08-03,900,,,,,,,,0
2017-08-02,900,,,,,,,,0
2017-08-01,900,,,,,,,,0
2017-07-31,900,,,,,,,,0
2017-07-28,900,,,,,,,,0
2017-07-27,900,,,,,,,,0
2017-07-26,900,,,,,,,,0
2017-07-25,900,,,,,,,,0
2017-07-24,900,,,,,,,,0
2017-07-21,900,,,,,,,,0
2017-07-20,900,,,,,,,,0
2017-07-19,900,,,,,,,,0
2017-07-18,900,,,,,,,,0
2017-07-17,900,,,,,,,,0
2017-07-14,900,,,,,,,,0
2017-07-13,900,,,,,,,,0
2017-07-12,900,,,,,,,,0
2017-07-11,900,,,,,,,,0
2017-07-10,900,,,,,,,,0
2017-07-07,900,,,,,,,,0
2017-07-06,900,,,,,,,,0
2017-07-05,900,,,,,,,,0
2017-07-04,900,,,,,,,,0
2017-07-03,900,,,,,,,,0
2017-06-30,900,,,,,,,,0
2017-06-29,900,,,,,,,,0
2017-06-28,900,,,,,,,,0
2017-06-27,900,,,,,,,,0
2017-06-26,900,,,,,,,,0
2017-06-23,900,,,,,,,,0
2017-06-22,900,,,,,,,,0
2017-06-21,900,,,,,,,,0
2017-06-20,900,,,,,,,,0
2017-06-19,900,,,,,,,,0
2017-06-16,925,,,,,,,,0
2017-06-15,925,,,,,,,,0
2017-06-14,925,,,,,,,,0
2017-06-13,925,,,,,,,,0
2017-06-09,925,,,,,,,,0
2017-06-08,925,,,,,,,,0
2017-06-07,925,,,,,,,,0
2017-06-06,925,,,,,,,,0
2017-06-05,925,,,,,,,,0
2017-06-02,925,,,,,,,,0
2017-06-01,925,,,,,,,,0
2017-05-31,925,,,,,,,,0
2017-05-30,925,,,,,,,,0
2017-05-29,925,,,,,,,,0
2017-05-26,925,,,,,,,,0
2017-05-25,925,,,,,,,,0
2017-05-24,925,,,,,,,,0
2017-05-23,925,,,,,,,,0
2017-05-22,925,,,,,,,,0
2017-05-19,925,,,,,,,,0
2017-05-18,925,,,,,,,,0
2017-05-17,925,,,,,,,,0
2017-05-16,925,,,,,,,,0
2017-05-15,925,,,,,,,,0
2017-05-12,925,,,,,,,,0
2017-05-11,925,,,,,,,,0
2017-05-10,925,,,,,,,,0
2017-05-05,925,,,,,,,,0
2017-05-04,925,,,,,,,,0
2017-05-03,925,,,,,,,,0
2017-05-02,925,,,,,,,,0
2017-04-28,975,,,,,,,,0
2017-04-27,975,,,,,,,,0
2017-04-26,975,,,,,,,,0
2017-04-25,975,,,,,,,,0
2017-04-24,975,,,,,,,,0
2017-04-21,975,,,,,,,,0
2017-04-20,975,,,,,,,,0
2017-04-19,975,,,,,,,,0
2017-04-18,975,,,,,,,,0
2017-04-17,975,,,,,,,,0
2017-04-14,975,,,,,,,,0
2017-04-13,975,,,,,,,,0
2017-04-12,975,,,,,,,,0
2017-04-11,975,,,,,,,,0
2017-04-10,975,,,,,,,,0
2017-04-07,975,,,,,,,,0
2017-04-06,975,,,,,,,,0
2017-04-05,975,,,,,,,,0
2017-04-04,975,,,,,,,,0
2017-04-03,975,,,,,,,,0
2017-03-31,975,,,,,,,,0
2017-03-30,975,,,,,,,,0
2017-03-29,975,,,,,,,,0
2017-03-28,975,,,,,,,,0
2017-03-27,975,,,,,,,,0
2017-03-24,1000,,,,,,,,0
2017-03-23,1000,,,,,,,,0
2017-03-22,1000,,,,,,,,0
2017-03-21,1000,,,,,,,,0
2017-03-20,1000,,,,,,,,0
2017-03-17,1000,,,,,,,,0
2017-03-16,1000,,,,,,,,0
2017-03-15,1000,,,,,,,,0
2017-03-14,1000,,,,,,,,0
2017-03-13,1000,,,,,,,,0
2017-03-10,1000,,,,,,,,0
2017-03-09,1000,,,,,,,,0
2017-03-07,1000,,,,,,,,0
2017-03-06,1000,,,,,,,,0
2017-03-03,1000,,,,,,,,0
2017-03-02,1000,,,,,,,,0
2017-03-01,1000,,,,,,,,0
2017-02-28,1000,,,,,,,,0
2017-02-27,1000,,,,,,,,0
2017-02-22,1000,,,,,,,,0
2017-02-21,1000,,,,,,,,0
2017-02-20,1000,,,,,,,,0
2017-02-17,1000,,,,,,,,0
2017-02-16,1000,,,,,,,,0
2017-02-15,1000,,,,,,,,0
2017-02-14,1000,,,,,,,,0
2017-02-13,1000,,,,,,,,0
2017-02-10,1000,,,,,,,,0
2017-02-09,1000,,,,,,,,0
2017-02-08,1000,,,,,,,,0
2017-02-07,1000,,,,,,,,0
2017-02-06,1000,,,,,,,,0
2017-02-03,1000,,,,,,,,0
2017-02-02,1000,,,,,,,,0
2017-02-01,1000,,,,,,,,0
2017-01-31,1000,,,,,,,,0
2017-01-30,1000,,,,,,,,0
2017-01-27,1000,,,,,,,,0
2017-01-26,1000,,,,,,,,0
2017-01-25,1000,,,,,,,,0
2017-01-24,1000,,,,,,,,0
2017-01-23,1000,,,,,,,,0
2017-01-20,1000,,,,,,,,0
2017-01-19,1000,,,,,,,,0
2017-01-18,1000,,,,,,,,0
2017-01-17,1000,,,,,,,,0
2017-01-16,1000,,,,,,,,0
2017-01-13,1000,,,,,,,,0
2017-01-12,1000,,,,,,,,0
2017-01-11,1000,,,,,,,,0
2017-01-10,1000,,,,,,,,0
2017-01-09,1000,,,,,,,,0
2016-12-30,1000,,,,,,,,0
2016-12-29,1000,,,,,,,,0
2016-12-28,1000,,,,,,,,0
2016-12-27,1000,,,,,,,,0
2016-12-26,1000,,,,,,,,0
2016-12-23,1000,,,,,,,,0
2016-12-22,1000,,,,,,,,0
2016-12-21,1000,,,,,,,,0
2016-12-20,1000,,,,,,,,0
2016-12-19,1000,,,,,,,,0
2016-12-16,1000,,,,,,,,0
2016-12-15,1000,,,,,,,,0
2016-12-14,1000,,,,,,,,0
2016-12-13,1000,,,,,,,,0
2016-12-12,1000,,,,,,,,0
2016-12-09,1000,,,,,,,,0
2016-12-08,1000,,,,,,,,0
2016-12-07,1000,,,,,,,,0
2016-12-06,1000,,,,,,,,0
2016-12-05,1000,,,,,,,,0
2016-12-02,1000,,,,,,,,0
2016-12-01,1000,,,,,,,,0
2016-11-30,1000,,,,,,,,0
2016-11-29,1000,,,,,,,,0
2016-11-28,1000,,,,,,,,0
2016-11-25,1000,,,,,,,,0
2016-11-24,1000,,,,,,,,0
2016-11-23,1000,,,,,,,,0
2016-11-22,1000,,,,,,,,0
2016-11-21,1000,,,,,,,,0
2016-11-18,1000,,,,,,,,0
2016-11-17,1000,,,,,,,,0
2016-11-16,1000,,,,,,,,0
2016-11-15,1000,,,,,,,,0
2016-11-14,1000,,,,,,,,0
2016-11-11,1000,,,,,,,,0
2016-11-10,1000,,,,,,,,0
2016-11-09,1000,,,,,,,,0
2016-11-08,1000,,,,,,,,0
2016-11-07,1000,,,,,,,,0
2016-11-03,1000,,,,,,,,0
2016-11-02,1000,,,,,,,,0
2016-11-01,1000,,,,,,,,0
2016-10-31,1000,,,,,,,,0
2016-10-28,1000,,,,,,,,0
2016-10-27,1000,,,,,,,,0
2016-10-26,1000,,,,,,,,0
2016-10-25,1000,,,,,,,,0
2016-10-24,1000,,,,,,,,0
2016-10-21,1000,,,,,,,,0
2016-10-20,1000,,,,,,,,0
2016-10-19,1000,,,,,,,,0
2016-10-18,1000,,,,,,,,0
2016-10-17,1000,,,,,,,,0
2016-10-14,1000,,,,,,,,0
2016-10-13,1000,,,,,,,,0
2016-10-12,1000,,,,,,,,0
2016-10-11,1000,,,,,,,,0
2016-10-10,1000,,,,,,,,0
2016-10-07,1000,,,,,,,,0
2016-10-06,1000,,,,,,,,0
2016-10-05,1000,,,,,,,,0
2016-10-04,1000,,,,,,,,0
2016-10-03,1000,,,,,,,,0
2016-09-30,1000,,,,,,,,0
2016-09-29,1000,,,,,,,,0
2016-09-28,1000,,,,,,,,0
2016-09-27,1000,,,,,,,,0
2016-09-26,1000,,,,,,,,0
2016-09-23,1000,,,,,,,,0
2016-09-22,1000,,,,,,,,0
2016-09-21,1000,,,,,,,,0
2016-09-20,1000,626378.4,620000.0,10.01,10.2052,7.0,1.0102877419354839,-989.7948,0
2016-09-19,1000,,,,,,,,0
2016-09-16,1050,,,,,,,,0
2016-09-15,1050,,,,,,,,0
2016-09-14,1050,,,,,,,,0
2016-09-13,1050,,,,,,,,0
2016-09-12,1050,,,,,,,,0
2016-09-09,1050,,,,,,,,0
2016-09-08,1050,,,,,,,,0
2016-09-07,1050,,,,,,,,0
2016-09-06,1050,,,,,,,,0
2016-09-05,1050,,,,,,,,0
2016-09-02,1050,,,,,,,,0
2016-09-01,1050,,,,,,,,0
2016-08-31,1050,,,,,,,,0
2016-08-30,1050,,,,,,,,0
2016-08-29,1050,,,,,,,,0
2016-08-26,1050,,,,,,,,0
2016-08-25,1050,,,,,,,,0
2016-08-24,1050,,,,,,,,0
2016-08-23,1050,517035.6,320000.0,10.63,10.9585,7.0,1.6157362499999999,-1039.0415,0
2016-08-22,1050,,,,,,,,0
2016-08-19,1050,,,,,,,,0
2016-08-18,1050,,,,,,,,0
2016-08-17,1050,,,,,,,,0
2016-08-16,1050,413297.2,100000.0,11.41,11.4815,7.0,4.1329720000000005,-1038.5185,1
2016-08-15,1050,,,,,,,,0
2016-08-12,1050,,,,,,,,0
2016-08-11,1050,,,,,,,,0
2016-08-10,1050,,,,,,,,0
2016-08-09,1050,,,,,,,,0
2016-08-08,1050,,,,,,,,0
2016-08-05,1050,,,,,,,,0
2016-08-04,1050,,,,,,,,0
2016-08-03,1050,,,,,,,,0
2016-08-02,1050,138782.5,10000.0,11.61,11.6959,7.0,13.87825,-1038.3041,1
2016-08-01,1050,,,,,,,,0
2016-07-29,1050,,,,,,,,0
2016-07-28,1050,,,,,,,,0
2016-07-27,1050,,,,,,,,0
2016-07-26,1050,828729.3,480000.0,10.6336,10.8308,7.0,1.726519375,-1039.1692,0
2016-07-25,1050,,,,,,,,0
2016-07-22,1050,,,,,,,,0
2016-07-21,1050,,,,,,,,0
2016-07-20,1050,,,,,,,,0
2016-07-19,1050,529253.4,529253.4,10.51,10.8696,7.0,1.0,-1039.1304,0
2016-07-18,1050,,,,,,,,0
2016-07-15,1050,,,,,,,,0
2016-07-14,1050,,,,,,,,0
2016-07-13,1050,,,,,,,,0
2016-07-12,1050,430405.9,120000.0,11.4903,11.5119,7.0,3.5867158333333333,-1038.4881,1
2016-07-11,1050,,,,,,,,0
2016-07-08,1050,,,,,,,,0
2016-07-07,1050,,,,,,,,0
2016-07-06,1050,,,,,,,,0
2016-07-05,1050,344457.2,100000.0,11.46,11.5018,7.0,3.444572,-1038.4982,1
2016-07-04,1050,,,,,,,,0
2016-07-01,1050,,,,,,,,0
2016-06-30,1050,,,,,,,,0
2016-06-29,1050,,,,,,,,0
2016-06-28,1050,620366.8,370000.0,11.12,11.264,7.0,1.6766670270270272,-1038.736,0
2016-06-27,1050,,,,,,,,0
2016-06-24,1050,,,,,,,,0
2016-06-23,1050,,,,,,,,0
2016-06-22,1050,,,,,,,,0
2016-06-21,1050,751358.0,360000.0,11.11,11.2432,7.0,2.0871055555555555,-1038.7568,1
2016-06-20,1050,,,,,,,,0
2016-06-17,1050,,,,,,,,0
2016-06-16,1050,,,,,,,,0
2016-06-15,1050,,,,,,,,0
2016-06-14,1050,559568.7,150000.0,11.356,11.4529,7.0,3.7304579999999996,-1038.5471,1
2016-06-10,1100,,,,,,,,0
2016-06-09,1100,,,,,,,,0
2016-06-08,1100,,,,,,,,0
2016-06-07,1100,453190.8,180000.0,11.76,11.9321,7.0,2.5177266666666664,-1088.0679,1
2016-06-06,1100,,,,,,,,0
2016-06-03,1100,,,,,,,,0
2016-06-02,1100,,,,,,,,0
2016-06-01,1100,,,,,,,,0
2016-05-31,1100,643555.5,150000.0,11.86,11.9505,7.0,4.29037,-1088.0495,1
2016-05-30,1100,,,,,,,,0
2016-05-27,1100,,,,,,,,0
2016-05-26,1100,,,,,,,,0
2016-05-25,1100,,,,,,,,0
2016-05-24,1100,806093.8,610000.0,11.2877,11.4731,7.0,1.3214652459016394,-1088.5269,0
2016-05-23,1100,,,,,,,,0
2016-05-20,1100,,,,,,,,0
2016-05-19,1100,,,,,,,,0
2016-05-18,1100,,,,,,,,0
2016-05-17,1100,864209.0,430000.0,11.2552,11.4623,7.0,2.0097883720930234,-1088.5377,1
2016-05-16,1100,,,,,,,,0
2016-05-13,1100,,,,,,,,0
2016-05-12,1100,,,,,,,,0
2016-05-11,1100,,,,,,,,0
2016-05-10,1100,426394.3,210000.0,11.25,11.4927,7.0,2.0304490476190478,-1088.5073,1
2016-05-06,1100,,,,,,,,0
2016-05-05,1100,,,,,,,,0
2016-05-04,1100,,,,,,,,0
2016-04-29,1100,,,,,,,,0
2016-04-28,1100,,,,,,,,0
2016-04-27,1100,,,,,,,,0
2016-04-26,1100,431064.2,431064.2,11.01,11.3323,7.0,1.0,-1088.6677,0
2016-04-25,1100,,,,,,,,0
2016-04-22,1100,,,,,,,,0
2016-04-21,1100,,,,,,,,0
2016-04-20,1100,,,,,,,,0
2016-04-19,1100,701234.0,540000.0,11.066,11.3512,7.0,1.2985814814814816,-1088.6488,0
2016-04-18,1100,,,,,,,,0
2016-04-15,1100,,,,,,,,0
2016-04-14,1100,,,,,,,,0
2016-04-13,1100,,,,,,,,0
2016-04-12,1100,457157.0,250000.0,11.4004,11.7253,7.0,1.828628,-1088.2747,0
2016-04-11,1100,,,,,,,,0
2016-04-08,1100,,,,,,,,0
2016-04-07,1100,,,,,,,,0
2016-04-06,1100,,,,,,,,0
2016-04-05,1100,579331.1,220000.0,11.737,11.8466,7.0,2.6333231818181817,-1088.1534,1
2016-04-04,1100,,,,,,,,0
2016-04-01,1100,,,,,,,,0
2016-03-31,1100,,,,,,,,0
2016-03-30,1100,,,,,,,,0
2016-03-29,1100,962049.6,660000.0,11.428,11.5995,7.0,1.457650909090909,-1088.4005,0
2016-03-28,1100,,,,,,,,0
2016-03-25,1100,,,,,,,,0
2016-03-24,1100,,,,,,,,0
2016-03-23,1100,,,,,,,,0
2016-03-22,1100,1007439.8,800000.0,11.0991,11.5334,7.0,1.25929975,-1088.4666,0
2016-03-21,1100,,,,,,,,0
2016-03-18,1100,,,,,,,,0
2016-03-17,1100,,,,,,,,0
2016-03-16,1100,,,,,,,,0
2016-03-15,1100,963782.6,670000.0,11.2828,11.6965,7.0,1.4384814925373135,-1088.3035,0
2016-03-14,1100,,,,,,,,0
2016-03-11,1100,,,,,,,,0
2016-03-10,1100,,,,,,,,0
2016-03-09,1100,,,,,,,,0
2016-03-04,1100,,,,,,,,0
2016-03-03,1100,,,,,,,,0
2016-03-02,1100,,,,,,,,0
2016-03-01,1100,952282.3,430000.0,11.6126,11.6856,7.0,2.21461,-1088.3144,1
2016-02-29,1100,,,,,,,,0
2016-02-26,1100,,,,,,,,0
2016-02-25,1100,,,,,,,,0
2016-02-24,1100,,,,,,,,0
2016-02-20,1100,,,,,,,,0
2016-02-19,1100,,,,,,,,0
2016-02-18,1100,,,,,,,,0
2016-02-17,1100,,,,,,,,0
2016-02-16,1100,960208.1,540000.0,11.2727,11.4951,7.0,1.7781631481481481,-1088.5049,0
2016-02-15,1100,,,,,,,,0
2016-02-12,1100,,,,,,,,0
2016-02-11,1100,,,,,,,,0
2016-02-10,1100,,,,,,,,0
2016-02-09,1100,473571.1,380000.0,11.0,11.7468,7.0,1.2462397368421052,-1088.2532,0
2016-02-08,1100,,,,,,,,0
2016-02-05,1100,,,,,,,,0
2016-02-04,1100,,,,,,,,0
2016-02-03,1100,,,,,,,,0
2016-02-02,1100,392464.8,100000.0,12.0,12.0039,7.0,3.924648,-1087.9961,1
2016-02-01,1100,,,,,,,,0
2016-01-29,1100,,,,,,,,0
2016-01-28,1100,,,,,,,,0
2016-01-27,1100,,,,,,,,0
2016-01-26,1100,893340.1,770000.0,11.8587,11.914,7.0,1.160181948051948,-1088.086,0
2016-01-25,1100,,,,,,,,0
2016-01-22,1100,,,,,,,,0
2016-01-21,1100,,,,,,,,0
2016-01-20,1100,,,,,,,,0
2016-01-19,1100,1252322.1,620000.0,11.8681,11.9073,7.0,2.0198743548387097,-1088.0927,1
2016-01-18,1100,,,,,,,,0
2016-01-15,1100,,,,,,,,0
2016-01-14,1100,,,,,,,,0
2016-01-13,1100,,,,,,,,0
2016-01-12,1100,1853763.6,840000.0,11.821,11.8556,7.0,2.2068614285714285,-1088.1444,1
2016-01-11,1100,,,,,,,,0
2016-01-01,1100,,,,,,,,0
2015-12-31,1100,,,,,,,,0
2015-12-30,1100,,,,,,,,0
2015-12-29,1100,,,,,,,,0
2015-12-28,1100,,,,,,,,0
2015-12-25,1100,,,,,,,,0
2015-12-24,1100,,,,,,,,0
2015-12-23,1100,,,,,,,,0
2015-12-22,1100,1315514.2,1315514.2,11.0,11.808,7.0,1.0,-1088.192,0
2015-12-21,1100,,,,,,,,0
2015-12-18,1100,,,,,,,,0
2015-12-17,1100,,,,,,,,0
2015-12-16,1100,,,,,,,,0
2015-12-15,1100,1482140.9,1000000.0,11.7998,11.8405,7.0,1.4821408999999999,-1088.1595,0
2015-12-14,1100,,,,,,,,0
2015-12-11,1100,,,,,,,,0
2015-12-10,1100,,,,,,,,0
2015-12-09,1100,,,,,,,,0
2015-12-08,1100,1438041.9,750000.0,11.7946,11.8434,7.0,1.9173892,-1088.1566,0
2015-12-07,1100,,,,,,,,0
2015-12-04,1100,,,,,,,,0
2015-12-03,1100,,,,,,,,0
2015-12-02,1100,,,,,,,,0
2015-12-01,1100,1085267.2,550000.0,11.8026,11.8442,7.0,1.9732130909090908,-1088.1558,0
2015-11-30,1100,,,,,,,,0
2015-11-27,1100,,,,,,,,0
2015-11-26,1100,,,,,,,,0
2015-11-25,1100,,,,,,,,0
2015-11-24,1100,1350818.5,950000.0,11.6705,11.7731,7.0,1.4219142105263158,-1088.2269000000001,0
2015-11-23,1100,,,,,,,,0
2015-11-20,1100,,,,,,,,0
2015-11-19,1100,,,,,,,,0
2015-11-18,1100,,,,,,,,0
2015-11-17,1100,1708273.6,990000.0,11.65,11.7681,7.0,1.725528888888889,-1088.2319,0
2015-11-16,1100,,,,,,,,0
2015-11-13,1100,,,,,,,,0
2015-11-12,1100,,,,,,,,0
2015-11-11,1100,,,,,,,,0
2015-11-10,1100,1231950.6,770000.0,11.5111,11.7838,7.0,1.5999358441558442,-1088.2162,0
2015-11-09,1100,,,,,,,,0
2015-11-06,1100,,,,,,,,0
2015-11-05,1100,,,,,,,,0
2015-11-03,1100,,,,,,,,0
2015-11-02,1100,,,,,,,,0
2015-10-30,1100,,,,,,,,0
2015-10-29,1100,,,,,,,,0
2015-10-28,1100,,,,,,,,0
2015-10-27,1100,,,,,,,,0
2015-10-26,1100,,,,,,,,0
2015-10-23,1100,,,,,,,,0
2015-10-22,1100,,,,,,,,0
2015-10-21,1100,,,,,,,,0
2015-10-20,1100,1589607.4,1160000.0,11.6443,11.7315,7.0,1.3703512068965515,-1088.2685,0
2015-10-19,1100,,,,,,,,0
2015-10-16,1100,,,,,,,,0
2015-10-15,1100,,,,,,,,0
2015-10-14,1100,,,,,,,,0
2015-10-13,1100,1361042.0,1030000.0,11.6036,11.7024,7.0,1.3214,-1088.2976,0
2015-10-12,1100,,,,,,,,0
2015-10-09,1100,,,,,,,,0
2015-10-08,1100,,,,,,,,0
2015-10-07,1100,,,,,,,,0
2015-10-06,1100,1098848.3,730000.0,11.6095,11.7666,7.0,1.5052716438356164,-1088.2334,0
2015-10-05,1100,,,,,,,,0
2015-10-02,1100,,,,,,,,0
2015-10-01,1100,,,,,,,,0
2015-09-30,1100,,,,,,,,0
2015-09-29,1100,1416074.8,910000.0,11.651,11.7308,7.0,1.556126153846154,-1088.2692,0
2015-09-28,1100,,,,,,,,0
2015-09-25,1100,,,,,,,,0
2015-09-24,1100,,,,,,,,0
2015-09-23,1100,,,,,,,,0
2015-09-22,1100,1731836.2,1440000.0,11.513,11.6324,7.0,1.2026640277777778,-1088.3676,0
2015-09-21,1100,,,,,,,,0
2015-09-18,1100,,,,,,,,0
2015-09-17,1100,,,,,,,,0
2015-09-16,1100,,,,,,,,0
2015-09-15,1100,1691730.6,1100000.0,11.4977,11.595,7.0,1.5379369090909092,-1088.405,0
2015-09-14,1100,,,,,,,,0
2015-09-11,1100,,,,,,,,0
2015-09-10,1100,,,,,,,,0
2015-09-09,1100,,,,,,,,0
2015-09-08,1100,1041523.9,950000.0,11.0003,11.5711,7.0,1.0963409473684211,-1088.4289,0
2015-09-07,1100,,,,,,,,0
2015-09-04,1100,,,,,,,,0
2015-09-03,1100,,,,,,,,0
2015-09-02,1100,,,,,,,,0
2015-09-01,1100,1053952.1,730000.0,11.4876,11.612,7.0,1.4437700000000002,-1088.388,0
2015-08-31,1100,,,,,,,,0
2015-08-28,1100,,,,,,,,0
2015-08-27,1100,,,,,,,,0
2015-08-26,1100,,,,,,,,0
2015-08-25,1100,1483815.5,1230000.0,11.2503,11.4867,7.0,1.2063540650406503,-1088.5133,0
2015-08-24,1100,,,,,,,,0
2015-08-21,1100,,,,,,,,0
2015-08-20,1100,,,,,,,,0
2015-08-19,1100,,,,,,,,0
2015-08-18,1100,1335947.9,1080000.0,11.2501,11.5668,7.0,1.2369887962962962,-1088.4332,0
2015-08-17,1100,,,,,,,,0
2015-08-14,1100,,,,,,,,0
2015-08-13,1100,,,,,,,,0
2015-08-12,1100,,,,,,,,0
2015-08-11,1100,1082051.1,900000.0,11.451,11.5813,7.0,1.202279,-1088.4187,0
2015-08-10,1100,,,,,,,,0
2015-08-07,1100,,,,,,,,0
2015-08-06,1100,,,,,,,,0
2015-08-05,1100,,,,,,,,0
2015-08-04,1100,1250906.3,1120000.0,11.2701,11.5412,7.0,1.116880625,-1088.4588,0
2015-08-03,1100,,,,,,,,0
2015-07-31,1150,,,,,,,,0
2015-07-30,1150,,,,,,,,0
2015-07-29,1150,,,,,,,,0
2015-07-28,1150,1645580.9,1590000.0,11.7501,12.0098,7.0,1.034956540880503,-1137.9902,0
2015-07-27,1150,,,,,,,,0
2015-07-24,1150,,,,,,,,0
2015-07-23,1150,,,,,,,,0
2015-07-22,1150,,,,,,,,0
2015-07-21,1150,1861521.9,1620000.0,11.9501,12.0342,7.0,1.1490875925925925,-1137.9658,0
2015-07-20,1150,,,,,,,,0
2015-07-17,1150,,,,,,,,0
2015-07-16,1150,,,,,,,,0
2015-07-15,1150,,,,,,,,0
2015-07-14,1150,1635167.2,1230000.0,11.973,12.0619,7.0,1.3294042276422764,-1137.9381,0
2015-07-13,1150,,,,,,,,0
2015-07-10,1150,,,,,,,,0
2015-07-09,1150,,,,,,,,0
2015-07-08,1150,,,,,,,,0
2015-07-07,1150,1521823.2,1370000.0,11.7501,12.044,7.0,1.1108198540145986,-1137.956,0
2015-07-06,1150,,,,,,,,0
2015-07-03,1150,,,,,,,,0
2015-07-02,1150,,,,,,,,0
2015-07-01,1150,,,,,,,,0
2015-06-30,1150,1996911.5,1450000.0,12.03,12.1121,7.0,1.3771803448275861,-1137.8879,0
2015-06-29,1150,,,,,,,,0
2015-06-26,1150,,,,,,,,0
2015-06-25,1150,,,,,,,,0
2015-06-24,1150,,,,,,,,0
2015-06-23,1150,2046234.6,1570000.0,11.9407,12.0137,7.0,1.3033341401273886,-1137.9863,0
2015-06-22,1150,,,,,,,,0
2015-06-19,1150,,,,,,,,0
2015-06-18,1150,,,,,,,,0
2015-06-17,1150,,,,,,,,0
2015-06-16,1150,2193264.4,1700000.0,11.8512,11.9081,7.0,1.2901555294117646,-1138.0919,0
2015-06-15,1250,,,,,,,,0
2015-06-11,1250,,,,,,,,0
2015-06-10,1250,,,,,,,,0
2015-06-09,1250,1979762.8,1580000.0,12.805,12.8966,7.0,1.2530144303797468,-1237.1034,0
2015-06-08,1250,,,,,,,,0
2015-06-05,1250,,,,,,,,0
2015-06-04,1250,,,,,,,,0
2015-06-03,1250,,,,,,,,0
2015-06-02,1250,1941187.3,1290000.0,12.737,12.8281,7.0,1.5047963565891473,-1237.1719,0
2015-06-01,1250,,,,,,,,0
2015-05-29,1250,,,,,,,,0
2015-05-28,1250,,,,,,,,0
2015-05-27,1250,,,,,,,,0
2015-05-26,1250,2155588.9,1780000.0,12.604,12.7179,7.0,1.2110049999999999,-1237.2821,0
2015-05-25,1250,,,,,,,,0
2015-05-22,1250,,,,,,,,0
2015-05-21,1250,,,,,,,,0
2015-05-20,1250,,,,,,,,0
2015-05-19,1250,2253047.7,2170000.0,12.55,12.6662,7.0,1.0382708294930876,-1237.3338,0
2015-05-18,1250,,,,,,,,0
2015-05-15,1250,,,,,,,,0
2015-05-14,1250,,,,,,,,0
2015-05-13,1250,,,,,,,,0
2015-05-12,1250,1881706.5,1620000.0,12.5,12.7163,7.0,1.1615472222222223,-1237.2837,0
2015-05-08,1250,,,,,,,,0
2015-05-07,1250,,,,,,,,0
2015-05-06,1250,,,,,,,,0
2015-05-05,1250,2241441.1,2241441.1,12.5,12.6646,7.0,1.0,-1237.3354,0
2015-05-01,1400,,,,,,,,0
2015-04-30,1400,,,,,,,,0
2015-04-29,1400,,,,,,,,0
2015-04-28,1400,2127797.9,2127797.9,14.0,14.1756,7.0,1.0,-1385.8244,0
2015-04-27,1400,,,,,,,,0
2015-04-24,1400,,,,,,,,0
2015-04-23,1400,,,,,,,,0
2015-04-22,1400,,,,,,,,0
2015-04-21,1400,2361341.2,2360000.0,14.0199,14.2354,7.0,1.0005683050847458,-1385.7646,0
2015-04-20,1400,,,,,,,,0
2015-04-17,1400,,,,,,,,0
2015-04-16,1400,,,,,,,,0
2015-04-15,1400,,,,,,,,0
2015-04-14,1400,2085039.7,2060000.0,14.021,14.2231,7.0,1.0121551941747573,-1385.7769,0
2015-04-13,1400,,,,,,,,0
2015-04-10,1400,,,,,,,,0
2015-04-09,1400,,,,,,,,0
2015-04-08,1400,,,,,,,,0
2015-04-07,1400,1451899.7,1451899.7,14.0,14.2557,7.0,1.0,-1385.7443,0
2015-04-06,1400,,,,,,,,0
2015-04-03,1400,,,,,,,,0
2015-04-02,1400,,,,,,,,0
2015-04-01,1400,,,,,,,,0
2015-03-31,1400,1695123.9,1650000.0,14.241,14.3806,7.0,1.027347818181818,-1385.6194,0
2015-03-30,1400,,,,,,,,0
2015-03-27,1400,,,,,,,,0
2015-03-26,1400,,,,,,,,0
2015-03-25,1400,,,,,,,,0
2015-03-24,1400,1719094.0,1570000.0,14.2003,14.3721,7.0,1.094964331210191,-1385.6279,0
2015-03-23,1400,,,,,,,,0
2015-03-20,1400,,,,,,,,0
2015-03-19,1400,,,,,,,,0
2015-03-18,1400,,,,,,,,0
2015-03-17,1400,1666406.8,1450000.0,14.11,14.4327,7.0,1.1492460689655173,-1385.5673,0
2015-03-16,1400,,,,,,,,0
2015-03-13,1500,,,,,,,,0
2015-03-12,1500,,,,,,,,0
2015-03-11,1500,,,,,,,,0
2015-03-10,1500,1501031.7,1350000.0,15.0002,15.7224,7.0,1.1118753333333333,-1484.2776,0
2015-03-06,1500,,,,,,,,0
2015-03-05,1500,,,,,,,,0
2015-03-04,1500,,,,,,,,0
2015-03-03,1500,1745235.7,1330000.0,15.73,15.7768,7.0,1.3122072932330826,-1484.2232,0
2015-03-02,1500,,,,,,,,0
2015-02-27,1500,,,,,,,,0
2015-02-26,1500,,,,,,,,0
2015-02-25,1500,,,,,,,,0
2015-02-24,1500,1694995.7,1430000.0,15.651,15.7404,7.0,1.1853116783216784,-1484.2596,0
2015-02-20,1500,,,,,,,,0
2015-02-19,1500,,,,,,,,0
2015-02-18,1500,,,,,,,,0
2015-02-17,1500,1754201.0,1450000.0,15.6102,15.7162,7.0,1.2097937931034484,-1484.2838,0
2015-02-16,1500,,,,,,,,0
2015-02-13,1500,,,,,,,,0
2015-02-12,1500,,,,,,,,0
2015-02-11,1500,,,,,,,,0
2015-02-10,1500,2103513.4,1200000.0,15.61,15.7314,7.0,1.7529278333333334,-1484.2686,0
2015-02-09,1500,,,,,,,,0
2015-02-06,1500,,,,,,,,0
2015-02-05,1500,,,,,,,,0
2015-02-04,1500,,,,,,,,0
2015-02-03,1500,1870012.1,1300000.0,15.4731,15.6027,7.0,1.4384708461538462,-1484.3973,0
2015-02-02,1500,,,,,,,,0
2015-01-30,1700,,,,,,,,0
2015-01-29,1700,,,,,,,,0
2015-01-28,1700,,,,,,,,0
2015-01-27,1700,2531404.1,2070000.0,17.2,17.4435,7.0,1.2229005314009662,-1682.5565,0
2015-01-26,1700,,,,,,,,0
2015-01-23,1700,,,,,,,,0
2015-01-22,1700,,,,,,,,0
2015-01-21,1700,,,,,,,,0
2015-01-20,1700,2635885.1,2200000.0,17.2101,17.3989,7.0,1.198129590909091,-1682.6011,0
2015-01-19,1700,,,,,,,,0
2015-01-16,1700,,,,,,,,0
2015-01-15,1700,,,,,,,,0
2015-01-14,1700,,,,,,,,0
2015-01-13,1700,2872191.8,2450000.0,17.0,17.3014,7.0,1.1723231836734693,-1682.6986,0
2015-01-12,1700,,,,,,,,0
2014-12-31,1700,,,,,,,,0
2014-12-30,1700,,,,,,,,0
2014-12-29,1700,,,,,,,,0
2014-12-26,1700,,,,,,,,0
2014-12-25,1700,,,,,,,,0
2014-12-24,1700,,,,,,,,0
2014-12-23,1700,,,,,,,,0
2014-12-22,1700,,,,,,,,0
2014-12-19,1700,,,,,,,,0
2014-12-18,1700,,,,,,,,0
2014-12-17,1700,,,,,,,,0
2014-12-16,1700,3101253.8,3101253.8,17.0,17.3901,7.0,1.0,-1682.6099,0
2014-12-15,1050,,,,,,,,0
2014-12-12,1050,,,,,,,,0
2014-12-11,950,,,,,,,,0
2014-12-10,950,,,,,,,,0
2014-12-09,950,3406826.2,3210000.0,9.671,9.9776,7.0,1.0613165732087229,-940.0224,0
2014-12-08,950,,,,,,,,0
2014-12-05,950,,,,,,,,0
2014-12-04,950,,,,,,,,0
2014-12-03,950,,,,,,,,0
2014-12-02,950,3067232.7,2770000.0,9.5,9.8781,7.0,1.1073042238267148,-940.1219,0
2014-12-01,950,,,,,,,,0
2014-11-28,950,,,,,,,,0
2014-11-27,950,,,,,,,,0
2014-11-26,950,,,,,,,,0
2014-11-25,950,3345388.8,2790000.0,9.8015,9.9392,7.0,1.1990640860215054,-940.0608,0
2014-11-24,950,,,,,,,,0
2014-11-21,950,,,,,,,,0
2014-11-20,950,,,,,,,,0
2014-11-19,950,,,,,,,,0
2014-11-18,950,3078915.0,2690000.0,9.6601,9.7191,7.0,1.144578066914498,-940.2809,0
2014-11-17,950,,,,,,,,0
2014-11-14,950,,,,,,,,0
2014-11-13,950,,,,,,,,0
2014-11-12,950,,,,,,,,0
2014-11-11,950,3014376.5,2695000.0,9.6,9.6931,7.0,1.1185070500927643,-940.3069,0
2014-11-10,950,,,,,,,,0
2014-11-07,950,,,,,,,,0
2014-11-06,950,,,,,,,,0
2014-11-05,950,,,,,,,,0
2014-10-31,800,,,,,,,,0
2014-10-30,800,,,,,,,,0
2014-10-29,800,,,,,,,,0
2014-10-28,800,2881071.3,2881071.3,8.0,8.0993,7.0,1.0,-791.9007,0
2014-10-27,800,,,,,,,,0
2014-10-24,800,,,,,,,,0
2014-10-23,800,,,,,,,,0
2014-10-22,800,,,,,,,,0
2014-10-21,800,2769228.9,2769228.9,8.0002,8.1338,7.0,1.0,-791.8662,0
2014-10-20,800,,,,,,,,0
2014-10-17,800,,,,,,,,0
2014-10-16,800,,,,,,,,0
2014-10-15,800,,,,,,,,0
2014-10-14,800,2498662.5,2380000.0,8.05,8.1211,7.0,1.049858193277311,-791.8789,0
2014-10-13,800,,,,,,,,0
2014-10-10,800,,,,,,,,0
2014-10-09,800,,,,,,,,0
2014-10-08,800,,,,,,,,0
2014-10-07,800,2036323.7,1990000.0,8.0607,8.1677,7.0,1.0232782412060302,-791.8323,0
2014-10-06,800,,,,,,,,0
2014-10-03,800,,,,,,,,0
2014-10-02,800,,,,,,,,0
2014-10-01,800,,,,,,,,0
2014-09-30,800,2094891.7,1830000.0,8.07,8.3173,7.0,1.14474956284153,-791.6827,0
2014-09-29,800,,,,,,,,0
2014-09-26,800,,,,,,,,0
2014-09-25,800,,,,,,,,0
2014-09-24,800,,,,,,,,0
2014-09-23,800,2624206.5,2400000.0,8.1,8.1618,7.0,1.093419375,-791.8382,0
2014-09-22,800,,,,,,,,0
2014-09-19,800,,,,,,,,0
2014-09-18,800,,,,,,,,0
2014-09-17,800,,,,,,,,0
2014-09-16,800,2556103.1,2150000.0,8.081,8.1178,7.0,1.1888851627906978,-791.8822,0
2014-09-15,800,,,,,,,,0
2014-09-12,800,,,,,,,,0
2014-09-11,800,,,,,,,,0
2014-09-10,800,,,,,,,,0
2014-09-09,800,2293356.0,2250000.0,8.035,8.0858,7.0,1.0192693333333334,-791.9142,0
2014-09-08,800,,,,,,,,0
2014-09-05,800,,,,,,,,0
2014-09-04,800,,,,,,,,0
2014-09-03,800,,,,,,,,0
2014-09-02,800,2171052.9,2100000.0,8.0008,8.0995,7.0,1.0338347142857143,-791.9005,0
2014-09-01,800,,,,,,,,0
2014-08-29,800,,,,,,,,0
2014-08-28,800,,,,,,,,0
2014-08-27,800,,,,,,,,0
2014-08-26,800,2521065.0,2410000.0,8.0,8.0823,7.0,1.0460850622406639,-791.9177,0
2014-08-25,800,,,,,,,,0
2014-08-22,800,,,,,,,,0
2014-08-21,800,,,,,,,,0
2014-08-20,800,,,,,,,,0
2014-08-19,800,2579496.5,2579496.5,8.0,8.097,7.0,1.0,-791.903,0
2014-08-18,800,,,,,,,,0
2014-08-15,800,,,,,,,,0
2014-08-14,800,,,,,,,,0
2014-08-13,800,,,,,,,,0
2014-08-12,800,2617569.3,2340000.0,8.06,8.0904,7.0,1.118619358974359,-791.9096,0
2014-08-11,800,,,,,,,,0
2014-08-08,800,,,,,,,,0
2014-08-07,800,,,,,,,,0
2014-08-06,800,,,,,,,,0
2014-08-05,800,2357608.8,2290000.0,8.0,8.0831,7.0,1.0295234934497817,-791.9169,0
2014-08-04,800,,,,,,,,0
2014-08-01,800,,,,,,,,0
2014-07-31,800,,,,,,,,0
2014-07-30,800,,,,,,,,0
2014-07-29,800,2741524.8,2680000.0,8.0,8.0838,7.0,1.022957014925373,-791.9162,0
2014-07-28,800,,,,,,,,0
2014-07-25,750,,,,,,,,0
2014-07-24,750,,,,,,,,0
2014-07-23,750,,,,,,,,0
2014-07-22,750,2887954.9,2887954.9,7.5,7.5671,7.0,1.0,-742.4329,0
2014-07-21,750,,,,,,,,0
2014-07-18,750,,,,,,,,0
2014-07-17,750,,,,,,,,0
2014-07-16,750,,,,,,,,0
2014-07-15,750,2703206.9,2703206.9,7.5,7.5739,7.0,1.0,-742.4261,0
2014-07-14,750,,,,,,,,0
2014-07-11,750,,,,,,,,0
2014-07-10,750,,,,,,,,0
2014-07-09,750,,,,,,,,0
2014-07-08,750,2533198.5,2450000.0,7.55,7.5892,7.0,1.0339585714285715,-742.4108,0
2014-07-07,750,,,,,,,,0
2014-07-04,750,,,,,,,,0
2014-07-03,750,,,,,,,,0
2014-07-02,750,,,,,,,,0
2014-07-01,750,2648655.4,2250000.0,7.55,7.5866,7.0,1.1771801777777777,-742.4134,0
2014-06-30,750,,,,,,,,0
2014-06-27,750,,,,,,,,0
2014-06-26,750,,,,,,,,0
2014-06-25,750,,,,,,,,0
2014-06-24,750,2567174.9,2567174.9,7.5,7.5573,7.0,1.0,-742.4427,0
2014-06-23,750,,,,,,,,0
2014-06-20,750,,,,,,,,0
2014-06-19,750,,,,,,,,0
2014-06-18,750,,,,,,,,0
2014-06-17,750,2570960.3,2480000.0,7.5,7.5673,7.0,1.0366775403225805,-742.4327,0
2014-06-16,750,,,,,,,,0
2014-06-11,750,,,,,,,,0
2014-06-10,750,2388484.4,2388484.4,7.5,7.5725,7.0,1.0,-742.4275,0
2014-06-09,750,,,,,,,,0
2014-06-06,750,,,,,,,,0
2014-06-05,750,,,,,,,,0
2014-06-04,750,,,,,,,,0
2014-06-03,750,2366405.6,2366405.6,7.5,7.563,7.0,1.0,-742.437,0
2014-06-02,750,,,,,,,,0
2014-05-30,750,,,,,,,,0
2014-05-29,750,,,,,,,,0
2014-05-28,750,,,,,,,,0
2014-05-27,750,2773578.3,2773578.3,7.5,7.5613,7.0,1.0,-742.4387,0
2014-05-26,750,,,,,,,,0
2014-05-23,750,,,,,,,,0
2014-05-22,750,,,,,,,,0
2014-05-21,750,,,,,,,,0
2014-05-20,750,3144980.0,3144980.0,7.5,7.551,7.0,1.0,-742.449,0
2014-05-19,750,,,,,,,,0
2014-05-16,750,,,,,,,,0
2014-05-15,750,,,,,,,,0
2014-05-14,750,,,,,,,,0
2014-05-13,750,3118970.0,2950000.0,7.5001,7.5716,7.0,1.0572779661016949,-742.4284,0
2014-05-12,750,,,,,,,,0
2014-05-08,750,,,,,,,,0
2014-05-07,750,,,,,,,,0
2014-05-06,750,3286274.6,3286274.6,7.5,7.543,7.0,1.0,-742.457,0
2014-05-05,750,,,,,,,,0
2014-04-30,750,,,,,,,,0
2014-04-29,750,3148207.7,3148207.7,7.5,7.5461,7.0,1.0,-742.4539,0
2014-04-28,750,,,,,,,,0
2014-04-25,700,,,,,,,,0
2014-04-24,700,,,,,,,,0
2014-04-23,700,,,,,,,,0
2014-04-22,700,3163667.2,3163667.2,7.0,7.0446,7.0,1.0,-692.9554,0
2014-04-21,700,,,,,,,,0
2014-04-18,700,,,,,,,,0
2014-04-17,700,,,,,,,,0
2014-04-16,700,,,,,,,,0
2014-04-15,700,3114992.8,2800000.0,7.041,7.0773,7.0,1.1124974285714284,-692.9227,0
2014-04-14,700,,,,,,,,0
2014-04-11,700,,,,,,,,0
2014-04-10,700,,,,,,,,0
2014-04-09,700,,,,,,,,0
2014-04-08,700,3030048.2,3010000.0,7.0,7.0379,7.0,1.0066605315614618,-692.9621,0
2014-04-07,700,,,,,,,,0
2014-04-04,700,,,,,,,,0
2014-04-03,700,,,,,,,,0
2014-04-02,700,,,,,,,,0
2014-04-01,700,2868853.8,2868853.8,7.0,7.0448,7.0,1.0,-692.9552,0
2014-03-31,700,,,,,,,,0
2014-03-28,700,,,,,,,,0
2014-03-27,700,,,,,,,,0
2014-03-26,700,,,,,,,,0
2014-03-25,700,2757265.1,2757265.1,7.0,7.0459,7.0,1.0,-692.9541,0
2014-03-24,700,,,,,,,,0
2014-03-21,700,,,,,,,,0
2014-03-20,700,,,,,,,,0
2014-03-19,700,,,,,,,,0
2014-03-18,700,2586556.2,2586556.2,7.0,7.0856,7.0,1.0,-692.9144,0
2014-03-17,700,,,,,,,,0
2014-03-14,700,,,,,,,,0
2014-03-13,700,,,,,,,,0
2014-03-12,700,,,,,,,,0
2014-03-11,700,2434944.0,2210000.0,7.0599,7.1358,7.0,1.1017846153846154,-692.8642,0
2014-03-07,700,,,,,,,,0
2014-03-06,700,,,,,,,,0
2014-03-05,700,,,,,,,,0
2014-03-04,700,2371297.7,2371297.7,7.0,7.1631,7.0,1.0,-692.8369,0
2014-03-03,700,,,,,,,,0
2014-02-28,550,,,,,,,,0
2014-02-27,550,,,,,,,,0
2014-02-26,550,,,,,,,,0
2014-02-25,550,2524166.8,2220000.0,5.5381,5.5674,7.0,1.137012072072072,-544.4326,0
2014-02-24,550,,,,,,,,0
2014-02-21,550,,,,,,,,0
2014-02-20,550,,,,,,,,0
2014-02-19,550,,,,,,,,0
2014-02-18,550,2448857.8,2260000.0,5.5201,5.5532,7.0,1.0835653982300884,-544.4468,0
2014-02-17,550,,,,,,,,0
2014-02-14,550,,,,,,,,0
2014-02-13,550,,,,,,,,0
2014-02-12,550,,,,,,,,0
2014-02-11,550,2405377.8,2180000.0,5.5028,5.5564,7.0,1.1033843119266054,-544.4436,0
2014-02-10,550,,,,,,,,0
2014-02-07,550,,,,,,,,0
2014-02-06,550,,,,,,,,0
2014-02-05,550,,,,,,,,0
2014-02-04,550,2446973.8,2300000.0,5.5,5.5526,7.0,1.0639016521739129,-544.4474,0
2014-02-03,550,,,,,,,,0
2014-01-31,550,,,,,,,,0
2014-01-30,550,,,,,,,,0
2014-01-29,550,,,,,,,,0
2014-01-28,550,2651396.8,2651396.8,5.5,5.5183,7.0,1.0,-544.4817,0
2014-01-27,550,,,,,,,,0
2014-01-24,550,,,,,,,,0
2014-01-23,550,,,,,,,,0
2014-01-22,550,,,,,,,,0
2014-01-21,550,2603893.0,2560000.0,5.5,5.5183,7.0,1.017145703125,-544.4817,0
2014-01-20,550,,,,,,,,0
2014-01-17,550,,,,,,,,0
2014-01-16,550,,,,,,,,0
2014-01-15,550,,,,,,,,0
2014-01-14,550,2448850.9,2230000.0,5.5,5.5222,7.0,1.0981394170403587,-544.4778,0
2014-01-13,550,,,,,,,,0
2014-01-10,550,,,,,,,,0
2014-01-09,550,,,,,,,,0
2013-12-31,550,,,,,,,,0
2013-12-30,550,,,,,,,,0
2013-12-27,550,,,,,,,,0
2013-12-26,550,,,,,,,,0
2013-12-25,550,,,,,,,,0
2013-12-24,550,,,,,,,,0
2013-12-23,550,,,,,,,,0
2013-12-20,550,,,,,,,,0
2013-12-19,550,,,,,,,,0
2013-12-18,550,,,,,,,,0
2013-12-17,550,,,,,,,,0
2013-12-16,550,,,,,,,,0
2013-12-13,550,,,,,,,,0
2013-12-12,550,,,,,,,,0
2013-12-11,550,,,,,,,,0
2013-12-10,550,,,,,,,,0
2013-12-09,550,,,,,,,,0
2013-12-06,550,,,,,,,,0
2013-12-05,550,,,,,,,,0
2013-12-04,550,,,,,,,,0
2013-12-03,550,,,,,,,,0
2013-12-02,550,,,,,,,,0
2013-11-29,550,,,,,,,,0
2013-11-28,550,,,,,,,,0
2013-11-27,550,,,,,,,,0
2013-11-26,550,,,,,,,,0
2013-11-25,550,,,,,,,,0
2013-11-22,550,,,,,,,,0
2013-11-21,550,,,,,,,,0
2013-11-20,550,,,,,,,,0
2013-11-19,550,,,,,,,,0
2013-11-18,550,,,,,,,,0
2013-11-15,550,,,,,,,,0
2013-11-14,550,,,,,,,,0
2013-11-13,550,,,,,,,,0
2013-11-12,550,,,,,,,,0
2013-11-11,550,,,,,,,,0
2013-11-08,550,,,,,,,,0
2013-11-07,550,,,,,,,,0
2013-11-06,550,,,,,,,,0
2013-11-05,550,,,,,,,,0
2013-11-01,550,,,,,,,,0
2013-10-31,550,,,,,,,,0
2013-10-30,550,,,,,,,,0
2013-10-29,550,,,,,,,,0
2013-10-28,550,,,,,,,,0
2013-10-25,550,,,,,,,,0
2013-10-24,550,,,,,,,,0
2013-10-23,550,,,,,,,,0
2013-10-22,550,,,,,,,,0
2013-10-21,550,,,,,,,,0
2013-10-18,550,,,,,,,,0
2013-10-17,550,,,,,,,,0
2013-10-16,550,,,,,,,,0
2013-10-15,550,,,,,,,,0
2013-10-14,550,,,,,,,,0
2013-10-11,550,,,,,,,,0
2013-10-10,550,,,,,,,,0
2013-10-09,550,,,,,,,,0
2013-10-08,550,,,,,,,,0
2013-10-07,550,,,,,,,,0
2013-10-04,550,,,,,,,,0
2013-10-03,550,,,,,,,,0
2013-10-02,550,,,,,,,,0
2013-10-01,550,,,,,,,,0
2013-09-30,550,,,,,,,,0
2013-09-27,550,,,,,,,,0
2013-09-26,550,,,,,,,,0
2013-09-25,550,,,,,,,,0
2013-09-24,550,,,,,,,,0
2013-09-23,550,,,,,,,,0
2013-09-20,550,,,,,,,,0
2013-09-19,550,,,,,,,,0
2013-09-18,550,,,,,,,,0
2013-09-17,550,,,,,,,,0
